id,species,location,host,sex,color.bin,latRG,latGB
15_0447,Tchumash,BS,C,NA,NA,NA,NA
15_0448,Tchumash,BS,C,NA,NA,NA,NA
15_0449,Tchumash,BS,C,NA,NA,NA,NA
15_0450,Tchumash,BS,C,NA,NA,NA,NA
15_0451,Tchumash,BS,C,NA,NA,NA,NA
15_0452,Tchumash,BS,C,NA,NA,NA,NA
15_0453,Tchumash,BS,C,NA,NA,NA,NA
15_0999,Tchumash,HF6,Q,NA,NA,NA,NA
15_1000,Tchumash,HF6,Q,NA,NA,NA,NA
15_1001,Tchumash,HF6,Q,NA,NA,NA,NA
15_1002,Tchumash,HF6,Q,NA,NA,NA,NA
15_1003,Tchumash,GR8.06,Q,F,1,-0.080555997,0.190760451
15_1004,Tchumash,GR8.06,Q,F,1,-0.023391822,0.181139166
15_1005,Tchumash,GR8.06,Q,M,1,0.03188678,0.266359641
15_1006,Tchumash,GR8.06,Q,M,1,-0.007403624,0.264388556
15_1007,Tchumash,GR8.06,Q,M,1,0.043085316,0.221819019
15_1008,Tchumash,GR8.06,Q,M,1,0.064690933,0.26004478
15_1009,Tchumash,GR8.06,Q,F,1,-0.027989627,0.188075063
15_1010,Tchumash,GR8.06,Q,M,1,-0.005832483,0.189655754
15_1011,Tchumash,GR8.06,Q,F,1,-0.007674024,0.295021325
15_1012,Tchumash,GR8.06,Q,M,1,-0.014181574,0.208510736
15_1013,Tchumash,GR8.06,Q,M,1,0.037708774,0.326945886
15_1014,Tchumash,GR8.06,Q,F,1,-0.014880108,0.182133862
15_1015,Tchumash,GR8.06,Q,M,1,-0.018344453,0.30363915
15_1016,Tchumash,GR8.06,Q,F,1,-0.008651216,0.353082045
15_1017,Tchumash,GR8.06,Q,F,1,-0.00352726,0.348317894
15_1018,Tchumash,GR8.06,Q,F,1,-0.03568294,0.232791415
15_1019,Tchumash,GR8.06,Q,M,1,0.003795512,0.3816246
15_1020,Tchumash,GR8.06,Q,F,1,-0.012352274,0.149554106
15_1021,Tchumash,GR8.06,Q,M,1,0.015974008,0.328748794
15_1022,Tchumash,GR8.06,Q,M,1,0.006413917,0.258454397
15_1023,Tchumash,GR8.06,Q,M,1,0.015822184,0.318613533
15_1024,Tchumash,GR8.06,Q,M,1,-0.050407421,0.184364072
15_1025,Tchumash,GR8.06,Q,F,1,-0.0562644,0.354214319
15_1026,Tchumash,GR8.06,Q,F,1,-0.012114246,0.189672237
15_1027,Tchumash,GR8.06,Q,M,1,-0.012725284,0.348851817
15_1028,Tchumash,GR8.06,Q,M,1,-0.024590033,0.186206688
15_1029,Tchumash,GR8.06,Q,M,1,0.019596766,0.265148351
15_1030,Tchumash,GR8.06,Q,M,1,-0.004898363,0.314645261
15_1031,Tchumash,GR8.06,Q,M,1,0.012874812,0.327813225
15_1032,Tchumash,GR8.06,Q,M,1,-0.01002837,0.285817632
15_1033,Tchumash,GR8.06,Q,F,1,-0.036149415,0.184660359
15_1034,Tchumash,GR8.06,Q,M,1,0.007296494,0.211594673
15_1035,Tchumash,GR8.06,MM,F,1,-0.006129125,0.144067477
15_1036,Tchumash,GR8.06,MM,F,1,-0.035393511,0.098033963
15_1037,Tchumash,GR8.06,MM,M,1,0.022416322,0.328261873
15_1038,Tchumash,GR8.06,MM,M,1,0.014398888,0.317546888
15_1039,Tchumash,GR8.06,MM,F,1,-0.03092392,0.169161666
15_1040,Tchumash,GR8.06,MM,F,1,-0.044697228,0.139636331
15_1041,Tchumash,GR8.06,MM,F,1,-0.006501147,0.22922783
15_1042,Tchumash,GR8.06,MM,M,1,-0.005747031,0.291420525
15_1043,Tchumash,GR8.06,MM,F,0,0.191095983,0.189269787
15_1044,Tchumash,GR8.06,MM,F,1,-0.023378809,0.131971935
15_1045,Tchumash,GR8.06,MM,F,1,0.023668587,0.256336127
15_1046,Tchumash,GR8.06,MM,M,1,0.026920688,0.227652071
15_1047,Tchumash,GR8.06,MM,M,1,-0.008235972,0.319934076
15_1048,Tchumash,GR8.06,MM,M,1,-0.0232194,0.365423507
15_1049,Tchumash,GR8.06,MM,F,1,-0.040667591,0.217274706
15_1050,Tchumash,GR8.06,MM,F,1,-0.027898078,0.158825253
15_1051,Tchumash,GR8.06,MM,F,1,-0.031547315,0.140147661
15_1052,Tchumash,GR8.06,MM,M,1,0.017531715,0.38449486
15_1053,Tchumash,GR8.06,MM,M,1,0.020560685,0.351580072
15_1054,Tchumash,GR8.06,MM,M,1,0.065025597,0.226363419
15_1055,Tchumash,GR8.06,MM,M,1,0.001556116,0.341961671
15_1056,Tchumash,GR8.06,MM,M,1,0.019045595,0.323207924
15_1057,Tchumash,GR8.06,MM,F,1,-0.017765646,0.363014175
15_1058,Tchumash,GR8.06,MM,F,1,-0.045923571,0.270537461
15_1059,Tchumash,GR8.06,MM,M,1,-0.013242362,0.191244475
15_1060,Tchumash,GR8.06,MM,F,1,-0.034061009,0.114818736
15_1061,Tchumash,GR8.06,MM,F,1,-0.043356784,0.161386316
15_1062,Tchumash,GR8.06,MM,M,1,0.007005757,0.389077337
15_1063,Tchumash,GR8.06,MM,F,0,0.197661017,0.182672973
15_1064,Tchumash,GR8.06,MM,M,1,0.044880404,0.270392272
15_1065,Tchumash,GR8.06,MM,M,1,0.002551678,0.362751393
15_1066,Tchumash,GR8.06,MM,M,1,0.01634619,0.275494741
15_1370,Tchumash,GR8.06,MM,M,1,0.022140739,0.283533046
15_1371,Tchumash,GR8.06,MM,M,1,0.000693141,0.310724614
15_1372,Tchumash,GR8.06,MM,F,1,-0.026974606,0.206704613
15_1373,Tchumash,GR8.06,MM,M,1,-0.015183729,0.226647988
15_1374,Tchumash,GR8.06,MM,M,1,0.027960535,0.225191748
15_1375,Tchumash,GR8.06,MM,M,1,0.007890088,0.329923043
15_1376,Tchumash,GR8.06,MM,F,1,-0.006551573,0.149871238
15_1377,Tchumash,GR8.06,MM,M,1,-0.009347282,0.140852697
15_1378,Tchumash,GR8.06,MM,F,1,-0.030318677,0.141529396
15_1379,Tchumash,GR8.06,MM,F,1,-0.005030238,0.249207041
15_1380,Tchumash,GR8.06,MM,M,1,0.001206311,0.271183297
15_1381,Tchumash,GR8.06,MM,F,1,-0.027804874,0.187069718
15_1382,Tchumash,GR8.06,MM,F,1,0.027528725,0.162756016
15_1383,Tchumash,GR8.06,MM,M,1,-0.004567347,0.324214806
15_1384,Tchumash,GR8.06,MM,M,1,-0.007048409,0.360289378
15_1385,Tchumash,GR8.06,MM,F,1,-0.033548375,0.13354585
15_1386,Tchumash,GR8.06,MM,M,1,0.019876525,0.28595659
15_1387,Tchumash,GR8.06,MM,F,1,-0.00580654,0.345739464
15_1388,Tchumash,GR8.06,MM,M,1,-0.019863756,0.320782117
15_1389,Tchumash,GR8.06,MM,F,1,-0.010139639,0.244332682
15_1390,Tchumash,GR8.06,MM,M,1,0.042870397,0.240588927
15_1391,Tchumash,GR8.06,MM,F,1,-0.03699588,0.24642229
15_1392,Tchumash,GR8.06,MM,M,1,0.028871531,0.384444393
15_1393,Tchumash,GR8.06,MM,M,1,-0.001623266,0.292908939
15_1394,Tchumash,GR8.06,MM,F,1,0.047001879,0.177416156
15_1395,Tchumash,GR8.06,MM,F,1,-0.021078326,0.134956771
15_1396,Tchumash,GR8.06,MM,F,1,-0.047002376,0.207099595
15_1397,Tchumash,GR8.06,MM,F,0,0.117216557,0.155715527
15_1398,Tchumash,GR8.06,MM,F,1,0.020140371,0.247510456
15_1399,Tchumash,GR8.06,MM,F,1,0.027142501,0.250827374
15_1400,Tchumash,GR8.06,MM,M,1,-0.003643215,0.349163352
15_1401,Tchumash,GR8.06,MM,F,1,-0.028288299,0.331461788
15_1402,Tchumash,GR8.06,MM,F,1,0.011507169,0.226361371
15_1403,Tchumash,GR8.06,MM,F,1,-0.004690193,0.330389582
15_1404,Tchumash,GR8.06,MM,M,1,-0.031691955,0.212497193
15_1405,Tchumash,GR8.06,MM,F,1,0.001033335,0.311928649
15_1406,Tchumash,GR8.06,MM,M,1,0.01298117,0.323727185
15_1407,Tchumash,GR8.06,MM,F,1,0.024402234,0.228014864
15_1408,Tchumash,GR8.06,MM,M,1,0.007129406,0.35160941
15_1409,Tchumash,GR8.06,MM,F,1,-0.044611138,0.142494042
15_1410,Tchumash,GR8.06,MM,F,1,-0.018710301,0.174470533
15_1411,Tchumash,GR8.06,MM,F,1,-0.035942976,0.149450998
15_1412,Tchumash,GR8.06,MM,M,0,0.084046242,0.109851333
15_1413,Tchumash,GR8.06,MM,F,1,-0.037101599,0.241363159
15_1414,Tchumash,GR8.06,MM,M,1,0.030465677,0.14786769
15_1415,Tchumash,GR8.06,MM,M,1,0.006268725,0.233905591
15_1416,Tchumash,GR8.06,MM,M,1,0.000879263,0.351634178
15_1417,Tchumash,GR8.06,MM,F,1,-0.009162403,0.165543446
15_1418,Tchumash,GR8.06,MM,F,1,0.030980307,0.253168884
15_1419,Tchumash,GR8.06,MM,M,1,0.006137875,0.33759361
15_1420,Tchumash,GR8.06,MM,M,1,0.004610641,0.244448633
15_1421,Tchumash,GR8.06,MM,M,1,0.014610023,0.253398367
15_1422,Tchumash,GR8.06,MM,M,1,0.021463777,0.249478823
15_1423,Tchumash,GR8.06,MM,F,1,-0.025866207,0.165932679
15_1424,Tchumash,GR8.06,MM,M,1,-0.023624712,0.255270333
15_1425,Tchumash,GR8.06,MM,M,0,0.128555825,0.121026144
15_1426,Tchumash,GR8.06,MM,F,1,-0.025746573,0.156873895
15_1427,Tchumash,GR8.06,MM,F,1,-0.033587654,0.204259771
15_1428,Tchumash,GR8.06,MM,F,1,0.015909038,0.183117349
15_1429,Tchumash,GR8.06,MM,M,1,0.023854369,0.354501735
15_1430,Tchumash,GR8.06,MM,M,1,0.004729763,0.324009264
15_1431,Tchumash,GR8.06,MM,F,1,0.050981445,0.249136758
15_1432,Tchumash,GR8.06,MM,M,1,0.009431105,0.309465089
15_1433,Tchumash,GR8.06,MM,F,1,-0.037015492,0.186998402
15_1434,Tchumash,GR8.06,MM,F,1,-0.029648561,0.195504751
15_1435,Tchumash,GR8.06,MM,F,1,-0.032120443,0.12944322
15_1436,Tchumash,GR8.06,MM,F,1,-0.015633951,0.334051878
15_1437,Tchumash,GR8.06,MM,M,1,-0.002892246,0.319127208
15_1438,Tchumash,GR8.06,MM,M,1,0.051874769,0.337262765
15_1439,Tchumash,GR8.06,MM,F,1,-0.008317052,0.164974527
15_1440,Tchumash,GR8.06,MM,M,1,-0.020051482,0.29218429
15_1441,Tchumash,GR8.06,MM,M,1,-0.028389966,0.319944013
15_1442,Tchumash,GR8.06,MM,M,1,0.010929042,0.259659218
15_1443,Tchumash,GR8.06,MM,F,1,-0.015143808,0.162329773
15_1444,Tchumash,GR8.06,MM,F,1,-0.026310395,0.117412345
15_1445,Tchumash,GR8.06,MM,F,1,-0.004450249,0.31255724
15_1446,Tchumash,GR8.06,MM,F,1,-0.040607984,0.157366212
15_1447,Tchumash,GR8.06,MM,F,1,0.01194298,0.245065431
15_1448,Tchumash,GR8.06,MM,M,1,0.004034924,0.231445151
15_1449,Tchumash,GR8.06,MM,M,1,-0.005793452,0.371776802
15_1450,Tchumash,GR8.06,MM,M,1,0.012953429,0.355341081
15_1451,Tchumash,GR8.06,MM,M,1,0.023623735,0.293353522
15_1452,Tchumash,GR8.06,MM,F,1,-0.054935275,0.346131398
15_1453,Tchumash,GR8.06,MM,F,1,-0.036859866,0.327069536
15_1454,Tchumash,GR8.06,MM,M,1,0.041809199,0.157576535
15_1455,Tchumash,GR8.06,MM,M,1,-0.004406217,0.129744226
15_1456,Tchumash,GR8.06,MM,F,1,-0.037959318,0.363721568
15_1457,Tchumash,GR8.06,MM,M,1,0.006550335,0.259708278
15_1458,Tchumash,GR8.06,MM,M,1,0.026166801,0.308776561
15_1459,Tchumash,GR8.06,MM,F,1,0.013660348,0.254563434
15_1460,Tchumash,GR8.06,MM,M,1,0.016645454,0.248575124
15_1461,Tchumash,GR8.06,MM,F,1,-0.039286657,0.279008023
15_1462,Tchumash,GR8.06,MM,F,1,-0.014035088,0.164890217
15_1463,Tchumash,GR8.06,MM,F,0,0.155936812,0.15111975
15_1464,Tchumash,GR8.06,MM,M,1,0.021851961,0.303409054
15_1465,Tchumash,GR8.06,MM,F,0,0.098575021,0.076874255
15_1466,Tchumash,GR8.06,MM,M,1,0.071562045,0.310924196
15_1467,Tchumash,GR8.06,MM,F,1,-0.002276276,0.148844498
15_1468,Tchumash,GR8.06,MM,F,1,-0.060493901,0.23338298
15_1469,Tchumash,GR8.06,MM,F,1,-0.030867944,0.263916557
15_1470,Tchumash,GR8.06,MM,M,1,-0.005735305,0.307054114
15_1471,Tchumash,GR8.06,MM,F,1,-0.035011224,0.371834321
15_1472,Tchumash,GR8.06,MM,F,1,-0.020912596,0.163123313
15_1473,Tchumash,GR8.06,MM,M,1,0.004261752,0.263025161
15_1474,Tchumash,GR8.06,MM,F,1,0.02431565,0.19386717
15_1475,Tchumash,GR8.06,MM,F,1,-0.051955165,0.189193809
15_1476,Tchumash,GR8.06,MM,M,1,0.003514149,0.189662758
15_1477,Tchumash,GR8.06,MM,F,1,-0.0235307,0.347903576
15_1478,Tchumash,GR8.06,MM,F,1,-0.037641617,0.191937568
15_1479,Tchumash,GR8.06,MM,F,1,-0.018368722,0.316432331
15_1480,Tchumash,GR8.06,MM,M,1,0.028607601,0.245806479
15_1481,Tchumash,GR8.06,MM,M,1,0.001213153,0.340169865
15_1482,Tchumash,GR8.06,MM,M,1,0.02952717,0.299295061
15_1484,Tchumash,GR8.06,MM,M,0,0.137674658,0.135593416
15_1485,Tchumash,GR8.06,MM,M,1,-0.012383978,0.193175142
15_1486,Tchumash,GR8.06,MM,F,1,-0.005687941,0.145731496
15_1487,Tchumash,GR8.06,MM,F,1,0.023847988,0.236900338
15_1488,Tchumash,GR8.06,MM,F,1,0.002023055,0.363194991
15_1489,Tchumash,GR8.06,MM,M,0,0.08319318,0.084449251
15_1490,Tchumash,GR8.06,MM,M,1,0.00335308,0.223472004
15_1491,Tchumash,GR8.06,MM,F,1,0.041692637,0.21410763
15_1492,Tchumash,GR8.06,MM,F,1,-0.039961158,0.390396238
15_1493,Tchumash,GR8.06,MM,F,1,-0.00102475,0.280062508
15_1494,Tchumash,GR8.06,MM,F,1,-0.034987383,0.160880253
15_1495,Tchumash,GR8.06,MM,M,1,-0.006403349,0.342895084
15_1496,Tchumash,GR8.06,MM,F,1,0.016269319,0.203095336
15_1497,Tchumash,GR8.06,MM,F,1,-0.021023228,0.350237911
15_1498,Tchumash,GR8.06,MM,F,1,-0.017612032,0.357433981
15_1499,Tchumash,GR8.06,MM,F,1,-0.003359954,0.287765272
15_1500,Tchumash,GR8.06,MM,M,1,-0.020799854,0.31216607
15_1501,Tchumash,GR8.06,MM,M,1,0.007673392,0.28295618
15_1502,Tchumash,GR8.06,MM,F,1,0.027154187,0.21213626
15_1503,Tchumash,GR8.06,MM,F,1,-0.05464689,0.115688155
15_1504,Tchumash,GR8.06,MM,M,1,0.019902593,0.312655336
15_1505,Tchumash,GR8.06,MM,F,1,-0.014485542,0.263016417
15_1506,Tchumash,GR8.06,MM,M,1,0.003647293,0.219767353
15_1507,Tchumash,GR8.06,MM,M,1,0.018956673,0.298823486
15_1508,Tchumash,GR8.06,MM,F,1,-0.001451961,0.247776426
15_1509,Tchumash,GR8.06,MM,F,1,-0.007272834,0.154080202
15_1510,Tchumash,GR8.06,MM,M,1,-0.001364699,0.337003841
15_1511,Tchumash,GR8.06,MM,M,0,0.111135704,0.295969389
15_1512,Tchumash,GR8.06,MM,F,1,-0.035787514,0.136303387
15_1513,Tchumash,GR8.06,Q,M,0,0.116503399,0.147503407
15_1514,Tchumash,GR8.06,Q,M,1,-0.001172896,0.158618996
15_1515,Tchumash,GR8.06,Q,F,1,-0.039667723,0.303528367
15_1516,Tchumash,GR8.06,Q,M,1,-0.019770566,0.203948837
15_1517,Tchumash,GR8.06,Q,M,1,0.002255669,0.306113259
15_1518,Tchumash,GR8.06,Q,M,1,0.01746947,0.299542548
15_1519,Tchumash,GR8.06,Q,M,1,0.054499885,0.320648252
15_1520,Tchumash,GR8.06,Q,M,1,0.020232854,0.308209816
15_1521,Tchumash,GR8.06,Q,F,1,-0.060593244,0.102540619
15_1522,Tchumash,GR8.06,Q,F,1,-0.038790704,0.173542355
15_1523,Tchumash,GR8.06,Q,F,1,-0.031293397,0.267169503
15_1524,Tchumash,GR8.06,Q,M,1,0.014404784,0.309992581
15_1525,Tchumash,GR8.06,Q,F,1,-0.02065725,0.131591324
15_1526,Tchumash,GR8.06,Q,M,1,0.004302785,0.234329185
15_1527,Tchumash,GR8.06,Q,F,1,-0.0000214,0.184224493
15_1528,Tchumash,GR8.06,Q,F,1,0.000774258,0.142265244
15_1529,Tchumash,GR8.06,Q,F,1,-0.015956309,0.398142478
15_1530,Tchumash,GR8.06,Q,M,0,0.10049848,0.134972637
15_1531,Tchumash,GR8.06,Q,F,1,-0.02067025,0.144430134
15_1532,Tchumash,GR8.06,Q,M,1,0.006927991,0.218636351
15_1533,Tchumash,GR8.06,Q,F,1,-0.008297821,0.367070973
15_1534,Tchumash,GR8.06,Q,M,1,-0.05607744,0.129606548
15_1535,Tchumash,GR8.06,Q,M,1,-0.059417008,0.262250923
15_1536,Tchumash,GR8.06,Q,M,1,-0.066362628,0.210348993
15_1537,Tchumash,GR8.06,Q,F,1,-0.050778445,0.126361473
15_1538,Tchumash,GR8.06,Q,F,1,-0.015362606,0.185113375
15_1539,Tchumash,GR8.06,Q,M,1,-0.002252213,0.294654801
15_1540,Tchumash,GR8.06,Q,F,1,-0.014581672,0.189561466
15_1541,Tchumash,GR8.06,Q,M,0,0.119623789,0.356254054
15_1542,Tchumash,GR8.06,Q,F,1,-0.009143882,0.200936879
15_1543,Tchumash,GR8.06,Q,M,1,0.001215316,0.327063639
15_1544,Tchumash,GR8.06,Q,F,1,-0.044040218,0.25093187
15_1545,Tchumash,GR8.06,Q,M,1,-0.013330344,0.353930821
15_1546,Tchumash,GR8.06,Q,M,1,0.003411891,0.268817128
15_1547,Tchumash,GR8.06,Q,F,1,-0.027736013,0.148238243
15_1548,Tchumash,GR8.06,Q,F,1,-0.017508735,0.328494303
15_1549,Tchumash,GR8.06,Q,M,1,0.010150126,0.324957601
15_1550,Tchumash,GR8.06,Q,F,1,-0.026362856,0.112783083
15_1551,Tchumash,GR8.06,Q,M,1,-0.019360129,0.3495243
15_1552,Tchumash,GR8.06,Q,M,0,0.124162432,0.159776638
15_1553,Tchumash,GR8.06,Q,M,1,0.06044117,0.286382737
15_1554,Tchumash,GR8.06,Q,F,1,-0.014379363,0.154732175
15_1555,Tchumash,GR8.06,Q,M,1,-0.010672903,0.20160184
15_1556,Tchumash,GR8.06,Q,M,1,0.026300276,0.248167133
15_1557,Tchumash,GR8.06,Q,M,1,0.011671779,0.359551773
15_1558,Tchumash,GR8.06,Q,F,1,-0.013502538,0.166548195
15_1559,Tchumash,GR8.06,Q,M,1,0.024998856,0.178220935
15_1560,Tchumash,GR8.06,Q,M,1,0.025895427,0.359934492
15_1561,Tchumash,GR8.06,Q,M,1,0.026597174,0.275044801
15_1562,Tchumash,GR8.06,Q,F,1,-0.015714477,0.1234452
15_1563,Tchumash,GR8.06,Q,M,1,0.002463309,0.303354096
15_1564,Tchumash,GR8.06,Q,M,1,0.001125274,0.166808666
15_1565,Tchumash,GR8.06,Q,F,1,-0.010550933,0.141065041
15_1566,Tchumash,GR8.06,Q,M,1,0.025760195,0.233349099
15_1567,Tchumash,GR8.06,Q,F,1,-0.035923883,0.21131913
15_1568,Tchumash,GR8.06,Q,F,1,-0.007280538,0.168008592
15_1569,Tchumash,GR8.06,Q,F,1,0.034514102,0.266111898
15_1570,Tchumash,GR8.06,Q,F,1,-0.009494635,0.285702896
15_1571,Tchumash,GR8.06,Q,M,1,0.004829424,0.186365228
15_1572,Tchumash,GR8.06,Q,F,1,-0.048164586,0.118623847
15_1573,Tchumash,GR8.06,Q,M,1,0.027954378,0.273589885
15_1574,Tchumash,GR8.06,Q,M,1,0.061296682,0.254569229
15_1575,Tchumash,GR8.06,Q,F,1,-0.009044613,0.124258398
15_1576,Tchumash,GR8.06,Q,M,1,0.003486836,0.327546641
15_1577,Tchumash,GR8.06,Q,M,1,0.00990871,0.382649155
15_1578,Tchumash,GR8.06,Q,M,1,0.027684728,0.296221098
15_1579,Tchumash,GR8.06,Q,F,1,-0.009582612,0.310792975
15_1580,Tchumash,GR8.06,Q,M,1,0.075355356,0.263035826
15_1581,Tchumash,GR8.06,Q,F,1,-0.05470344,0.173073827
15_1582,Tchumash,BALD,C,NA,NA,NA,NA
15_1583,Tchumash,BALD,C,NA,NA,NA,NA
15_1584,Tchumash,BALD,C,NA,NA,NA,NA
15_1585,Tchumash,BALD,C,NA,NA,NA,NA
15_1586,Tchumash,BALD,C,NA,NA,NA,NA
15_1587,Tchumash,BALD,C,NA,NA,NA,NA
15_1588,Tchumash,BALD,C,NA,NA,NA,NA
15_1589,Tchumash,BALD,C,NA,NA,NA,NA
15_1590,Tchumash,BALD,C,NA,NA,NA,NA
15_1591,Tchumash,BALD,C,NA,NA,NA,NA
15_1592,Tchumash,BALD,C,NA,NA,NA,NA
15_1593,Tchumash,BALD,C,NA,NA,NA,NA
15_1594,Tchumash,BALD,C,NA,NA,NA,NA
15_1595,Tchumash,BALD,C,NA,NA,NA,NA
15_1596,Tchumash,BALD,C,NA,NA,NA,NA
15_1597,Tchumash,BALD,C,NA,NA,NA,NA
15_1598,Tchumash,BALD,C,NA,NA,NA,NA
15_1599,Tchumash,BALD,C,NA,NA,NA,NA
15_1600,Tchumash,BALD,C,NA,NA,NA,NA
15_1601,Tchumash,BALD,C,NA,NA,NA,NA
15_1602,Tchumash,BALD,C,NA,NA,NA,NA
15_1603,Tchumash,BALD,C,NA,NA,NA,NA
15_1604,Tchumash,BALD,C,NA,NA,NA,NA
15_1605,Tchumash,BALD,C,NA,NA,NA,NA
15_1606,Tchumash,BALD,C,NA,NA,NA,NA
15_1607,Tchumash,BALD,Q,NA,NA,NA,NA
15_1608,Tchumash,BALD,Q,NA,NA,NA,NA
15_1609,Tchumash,BALD,Q,NA,NA,NA,NA
15_1610,Tchumash,BALD,Q,NA,NA,NA,NA
15_1611,Tchumash,BALD,Q,NA,NA,NA,NA
15_1612,Tchumash,BALD,Q,NA,NA,NA,NA
15_1613,Tchumash,BALD,Q,NA,NA,NA,NA
15_1614,Tchumash,BALD,Q,NA,NA,NA,NA
15_1615,Tchumash,BALD,Q,NA,NA,NA,NA
15_1616,Tchumash,BALD,Q,NA,NA,NA,NA
15_1617,Tchumash,BALD,Q,NA,NA,NA,NA
15_1618,Tchumash,BALD,Q,NA,NA,NA,NA
15_1619,Tchumash,GR8.06,MM,F,1,0.012894083,0.139802216
15_1620,Tchumash,GR8.06,Q,NA,NA,NA,NA
15_1884,Tchumash,HFDPD,Q,NA,NA,NA,NA
15_1885,Tchumash,HFDPD,Q,NA,NA,NA,NA
15_1886,Tchumash,HFDPD,Q,NA,NA,NA,NA
15_1887,Tchumash,HFDPD,Q,NA,NA,NA,NA
15_1888,Tchumash,HFDPD,Q,NA,NA,NA,NA
15_1889,Tchumash,HFDPD,Q,NA,NA,NA,NA
15_2326,Tchumash,GR8.06,MM,F,1,-0.006403755,0.182483088
15_2327,Tchumash,GR8.06,MM,M,0,0.107260596,0.166889698
15_2328,Tchumash,GR8.06,MM,F,0,0.13845941,0.359603578
15_2329,Tchumash,GR8.06,MM,F,1,-0.02355682,0.135296707
15_2330,Tchumash,GR8.06,MM,M,1,-0.004931829,0.200305375
15_2331,Tchumash,GR8.06,MM,F,1,-0.037447471,0.342769732
15_2332,Tchumash,GR8.06,MM,M,0,0.176936748,0.115096587
15_2333,Tchumash,GR8.06,MM,M,1,-0.003076359,0.388308037
15_2334,Tchumash,GR8.06,MM,M,1,-0.003389647,0.351263079
15_2335,Tchumash,GR8.06,MM,M,1,-0.006798836,0.300807974
15_2336,Tchumash,GR8.06,MM,F,1,-0.018721558,0.220106726
15_2337,Tchumash,GR8.06,MM,F,0,0.174380147,0.200115125
15_2338,Tchumash,GR8.06,MM,F,1,-0.008070228,0.393967575
15_2339,Tchumash,GR8.06,MM,M,1,-0.010107138,0.285438575
15_2340,Tchumash,GR8.06,MM,F,1,-0.024035341,0.160626468
15_2341,Tchumash,GR8.06,MM,F,1,-0.06551822,0.289457585
15_2342,Tchumash,GR8.06,MM,F,1,-0.003329599,0.29612705
15_2343,Tchumash,GR8.06,MM,M,1,-0.002959384,0.235202084
15_2344,Tchumash,GR8.06,MM,F,1,-0.022849343,0.140029144
15_2345,Tchumash,GR8.06,MM,M,1,-0.024051176,0.351236649
15_2346,Tchumash,GR8.06,MM,M,1,-0.02425792,0.202409282
15_2347,Tchumash,GR8.06,MM,F,1,-0.015441473,0.24338604
15_2348,Tchumash,GR8.06,MM,M,1,0.011496199,0.304349592
15_2349,Tchumash,GR8.06,MM,M,1,-0.016649491,0.239120887
15_2350,Tchumash,GR8.06,MM,M,1,0.008077268,0.329979127
15_2351,Tchumash,GR8.06,MM,M,1,0.041885962,0.25669091
15_2352,Tchumash,GR8.06,MM,M,1,0.017314098,0.332979727
15_2353,Tchumash,GR8.06,MM,M,1,0.020937129,0.228763197
15_2354,Tchumash,GR8.06,MM,F,1,-0.037888547,0.388050216
15_2355,Tchumash,GR8.06,MM,F,1,-0.038875748,0.316094021
15_2356,Tchumash,GR8.06,MM,M,1,0.067796544,0.227188085
15_2357,Tchumash,GR8.06,MM,M,1,0.007236767,0.200724997
15_2358,Tchumash,GR8.06,MM,M,0,0.130267288,0.109142538
15_2359,Tchumash,GR8.06,MM,F,1,-0.019306539,0.325059664
15_2360,Tchumash,GR8.06,MM,M,1,0.038786096,0.220587656
15_2361,Tchumash,GR8.06,MM,F,1,-0.032078324,0.305873382
15_2362,Tchumash,GR8.06,MM,M,1,0.010520623,0.240946868
15_2363,Tchumash,GR8.06,MM,F,1,-0.02039503,0.116316299
15_2364,Tchumash,GR8.06,MM,M,1,0.077382977,0.218690152
15_2365,Tchumash,GR8.06,MM,F,0,0.122624385,0.107509533
15_2366,Tchumash,GR8.06,MM,M,1,0.017510882,0.344701603
15_2367,Tchumash,GR8.06,MM,F,1,-0.034842539,0.215781092
15_2368,Tchumash,GR8.06,MM,M,1,0.002159981,0.220274939
15_2369,Tchumash,GR8.06,MM,F,1,-0.004541804,0.266603813
15_2370,Tchumash,GR8.06,MM,F,1,-0.046753865,0.23990668
15_2371,Tchumash,GR8.06,MM,M,1,0.014045897,0.240946742
15_2372,Tchumash,GR8.06,MM,M,1,0.024793663,0.331411664
15_2373,Tchumash,GR8.06,MM,M,1,0.027562749,0.34090905
15_2374,Tchumash,GR8.06,MM,F,1,-0.08276831,0.149489085
15_2375,Tchumash,GR8.06,MM,F,1,-0.014491794,0.332944425
15_2376,Tchumash,GR8.06,MM,F,1,-0.024877858,0.144084674
15_2377,Tchumash,GR8.06,MM,M,1,0.006629388,0.30782404
15_2378,Tchumash,GR8.06,MM,F,1,-0.012904403,0.191618987
15_2379,Tchumash,GR8.06,MM,F,1,-0.019851569,0.286798556
15_2380,Tchumash,GR8.06,MM,M,1,-0.013246637,0.223658904
15_2381,Tchumash,GR8.06,MM,F,1,-0.047773128,0.264398663
15_2382,Tchumash,GR8.06,MM,F,1,-0.003572414,0.173522849
15_2383,Tchumash,GR8.06,MM,M,1,0.020429263,0.276882051
15_2384,Tchumash,GR8.06,MM,F,1,-0.001448576,0.248687049
15_2385,Tchumash,GR8.06,MM,F,1,-0.017968492,0.220384155
15_2386,Tchumash,GR8.06,MM,M,0,0.187109836,0.117491291
15_2387,Tchumash,GR8.06,MM,F,1,-0.002614998,0.287818311
15_2388,Tchumash,GR8.06,MM,M,1,-0.007265411,0.191960883
15_2389,Tchumash,GR8.06,MM,F,1,-0.013578352,0.360039312
15_2390,Tchumash,GR8.06,MM,M,1,0.010542494,0.335965306
15_2391,Tchumash,GR8.06,MM,M,0,0.114588755,0.095976457
15_2392,Tchumash,GR8.06,MM,M,0,0.087751927,0.116620133
15_2393,Tchumash,GR8.06,MM,F,1,-0.042162743,0.308380485
15_2394,Tchumash,GR8.06,MM,M,1,0.006847884,0.323740532
15_2395,Tchumash,GR8.06,MM,M,1,0.016051128,0.310596313
15_2396,Tchumash,GR8.06,MM,M,1,0.006235287,0.142359078
15_2397,Tchumash,GR8.06,MM,F,1,-0.042302292,0.279612896
15_2398,Tchumash,GR8.06,MM,M,1,0.018449545,0.231109366
15_2399,Tchumash,GR8.06,MM,M,1,0.009804973,0.264866975
15_2400,Tchumash,GR8.06,MM,M,1,-0.011631315,0.367874642
15_2401,Tchumash,GR8.06,MM,M,1,-0.000288446,0.255531764
15_2402,Tchumash,GR8.06,MM,F,1,-0.021396554,0.188407496
15_2403,Tchumash,GR8.06,MM,M,1,-0.011854907,0.223817612
15_2404,Tchumash,GR8.06,MM,M,1,0.007392244,0.192388999
15_2405,Tchumash,GR8.06,MM,F,1,-0.045460186,0.26565289
15_2406,Tchumash,GR8.06,MM,F,1,-0.053718781,0.381347359
15_2407,Tchumash,GR8.06,MM,M,1,-0.003803942,0.259287428
15_2408,Tchumash,GR8.06,MM,M,1,0.00366624,0.299018351
15_2409,Tchumash,GR8.06,MM,M,1,0.003473593,0.256853647
15_2410,Tchumash,GR8.06,MM,M,1,-0.029388546,0.343029444
15_2411,Tchumash,GR8.06,MM,F,1,-0.00461204,0.149533518
15_2412,Tchumash,GR8.06,MM,F,1,-0.019190718,0.164635444
15_2413,Tchumash,GR8.06,MM,M,NA,NA,NA
15_2414,Tchumash,GR8.06,MM,M,1,0.016816821,0.306727576
15_2415,Tchumash,GR8.06,MM,M,1,0.005180291,0.285338979
15_2416,Tchumash,GR8.06,MM,M,1,0.00021523,0.36723788
15_2417,Tchumash,GR8.06,MM,M,1,-0.015675378,0.185044329
15_2418,Tchumash,GR8.06,MM,M,1,0.005818974,0.203663128
15_2419,Tchumash,GR8.06,MM,M,1,0.008386448,0.222203896
15_2420,Tchumash,GR8.06,MM,F,1,-0.035133773,0.262564186
15_2421,Tchumash,GR8.06,MM,M,1,0.049242262,0.227150249
15_2422,Tchumash,GR8.06,MM,F,1,-0.022357897,0.281048197
15_2423,Tchumash,GR8.06,MM,F,1,-0.031955915,0.274787208
15_2424,Tchumash,GR8.06,MM,M,1,-0.009452488,0.326992179
15_2425,Tchumash,GR8.06,MM,F,1,-0.002924695,0.168972609
15_2426,Tchumash,GR8.06,MM,F,1,-0.000267799,0.168448371
15_2427,Tchumash,GR8.06,MM,M,1,-0.02457897,0.350834816
15_2429,Tchumash,GR8.06,MM,M,1,0.023708667,0.294238671
15_2430,Tchumash,GR8.06,MM,M,1,0.00891826,0.212512781
15_2431,Tchumash,GR8.06,MM,M,1,0.013807892,0.236815481
15_2432,Tchumash,GR8.06,MM,M,0,0.091645166,0.14944612
15_2433,Tchumash,GR8.06,MM,F,1,-0.00166625,0.25789751
15_2434,Tchumash,GR8.06,MM,M,1,0.003235607,0.343502494
15_2435,Tchumash,GR8.06,MM,M,1,-0.024991263,0.273326572
15_2436,Tchumash,GR8.06,MM,F,1,-0.02055285,0.338744397
15_2437,Tchumash,GR8.06,MM,M,1,0.027830191,0.252857658
15_2438,Tchumash,GR8.06,MM,M,1,0.0000764,0.334614163
15_2439,Tchumash,GR8.06,MM,M,1,0.008191004,0.304974863
15_2440,Tchumash,GR8.06,MM,F,1,-0.026683347,0.214756474
15_2441,Tchumash,GR8.06,MM,M,1,-0.014078037,0.198715278
15_2442,Tchumash,GR8.06,MM,M,1,-0.024519402,0.289334071
15_2443,Tchumash,GR8.06,MM,M,0,0.136185292,0.145233382
15_2444,Tchumash,GR8.06,MM,F,1,-0.048610179,0.332846027
15_2445,Tchumash,GR8.06,MM,F,1,-0.030848793,0.266928964
15_2446,Tchumash,GR8.06,MM,M,1,0.033516075,0.267627122
15_2447,Tchumash,GR8.06,MM,F,1,-0.006311053,0.28357492
15_2448,Tchumash,GR8.06,MM,F,1,-0.03024887,0.433841944
15_2449,Tchumash,GR8.06,MM,F,1,0.00812958,0.280470924
15_2450,Tchumash,GR8.06,MM,M,1,0.009501502,0.302553585
15_2451,Tchumash,GR8.06,MM,M,1,-0.011570666,0.348321199
15_2452,Tchumash,GR8.06,MM,F,1,-0.020344848,0.373102877
15_2453,Tchumash,GR8.06,MM,M,1,0.037687441,0.220207867
15_2454,Tchumash,GR8.06,MM,F,1,-0.022425254,0.201698534
15_2455,Tchumash,GR8.06,MM,M,1,0.014863766,0.298559695
15_2456,Tchumash,GR8.06,MM,F,1,-0.035899013,0.192160236
15_2457,Tchumash,GR8.06,MM,M,1,0.006412047,0.275662636
15_2458,Tchumash,GR8.06,MM,F,1,-0.005186742,0.341266852
15_2459,Tchumash,GR8.06,MM,F,1,-0.024580774,0.144580216
15_2460,Tchumash,GR8.06,MM,M,1,0.00830829,0.306567589
15_2461,Tchumash,GR8.06,MM,F,1,0.000646995,0.194859989
15_2462,Tchumash,GR8.06,MM,M,1,0.022474527,0.325293183
15_2463,Tchumash,GR8.06,MM,M,1,0.01386455,0.298601737
15_2464,Tchumash,GR8.06,MM,M,1,-0.001362123,0.348890694
15_2465,Tchumash,GR8.06,MM,F,1,-0.042712338,0.158480129
15_2466,Tchumash,GR8.06,MM,M,1,-0.022998322,0.333981645
15_2467,Tchumash,GR8.06,MM,M,0,0.095620866,0.080832805
15_2468,Tchumash,GR8.06,MM,M,1,-0.023355595,0.227358465
15_2469,Tchumash,GR8.06,Q,F,1,-0.032842156,0.337810254
15_2470,Tchumash,GR8.06,Q,M,1,-0.006340279,0.275233774
15_2471,Tchumash,GR8.06,Q,F,1,-0.011461255,0.187529163
15_2472,Tchumash,GR8.06,Q,F,1,-0.029238886,0.159224537
15_2473,Tchumash,GR8.06,Q,F,1,0.023475733,0.2128818
15_2474,Tchumash,GR8.06,Q,F,1,0.016516096,0.285960047
15_2475,Tchumash,GR8.06,Q,F,1,-0.017323407,0.165775508
15_2476,Tchumash,GR8.06,Q,M,0,0.138856452,0.190421999
15_2477,Tchumash,GR8.06,Q,M,1,0.026202415,0.279364334
15_2478,Tchumash,GR8.06,Q,M,1,0.026968549,0.295968444
15_2479,Tchumash,GR8.06,Q,M,1,-0.000911143,0.202536998
15_2480,Tchumash,GR8.06,Q,F,1,-0.026904103,0.377312754
15_2481,Tchumash,GR8.06,Q,M,1,-0.017325471,0.34556837
15_2482,Tchumash,GR8.06,Q,M,0,0.136580171,0.103978291
15_2483,Tchumash,GR8.06,Q,M,1,0.017490465,0.185445861
15_2484,Tchumash,GR8.06,Q,M,1,0.013677905,0.209226418
15_2485,Tchumash,GR8.06,Q,F,1,-0.014312209,0.13574733
15_2486,Tchumash,GR8.06,Q,M,1,0.04593887,0.307946436
15_2487,Tchumash,GR8.06,Q,M,1,0.019484625,0.232477268
15_2488,Tchumash,GR8.06,Q,M,0,0.144594828,0.10396231
15_2489,Tchumash,GR8.06,Q,M,1,0.030224327,0.274856593
15_2490,Tchumash,GR8.06,Q,F,1,-0.023213171,0.314052769
15_2491,Tchumash,GR8.06,Q,M,1,0.019674412,0.262247018
15_2492,Tchumash,GR8.06,Q,F,1,0.007606095,0.182784286
15_2493,Tchumash,GR8.06,Q,F,0,0.121639158,0.147688249
15_2494,Tchumash,GR8.06,Q,M,1,0.010349215,0.227662256
15_2495,Tchumash,GR8.06,Q,F,1,-0.008434945,0.170431866
15_2496,Tchumash,GR8.06,Q,F,1,-0.021724043,0.172022126
15_2497,Tchumash,GR8.06,Q,F,1,-0.027846399,0.17823056
15_2498,Tchumash,GR8.06,Q,F,1,-0.03066618,0.206370262
15_2499,Tchumash,GR8.06,Q,M,1,-0.01022902,0.155647114
15_2500,Tchumash,GR8.06,Q,F,1,-0.033148143,0.147812897
15_2501,Tchumash,GR8.06,Q,F,0,0.229688333,0.138562305
15_2502,Tchumash,GR8.06,Q,M,1,0.004398103,0.194655303
15_2503,Tchumash,GR8.06,Q,F,1,-0.009181953,0.329331595
15_2504,Tchumash,GR8.06,Q,M,1,0.007740019,0.41877867
15_2505,Tchumash,GR8.06,Q,F,1,-0.033420462,0.267664813
15_2506,Tchumash,GR8.06,Q,M,1,0.033455821,0.322590201
15_2507,Tchumash,GR8.06,Q,F,1,0.001938132,0.209107414
15_2508,Tchumash,GR8.06,Q,F,1,-0.028471689,0.387827406
15_2509,Tchumash,GR8.06,Q,F,1,-0.033167565,0.223611921
15_2510,Tchumash,GR8.06,Q,F,1,-0.03123493,0.144225282
15_2511,Tchumash,GR8.06,Q,M,1,0.028294979,0.346977323
15_2512,Tchumash,GR8.06,Q,M,1,0.020783093,0.359216046
15_2513,Tchumash,GR8.06,Q,M,1,0.009849032,0.224791843
15_2514,Tchumash,GR8.06,Q,M,1,0.020217813,0.17592297
15_2515,Tchumash,GR8.06,Q,M,0,0.102595809,0.131207805
15_2516,Tchumash,GR8.06,Q,F,1,-0.002448031,0.180483511
15_2517,Tchumash,GR8.06,Q,F,1,0.003170442,0.105794674
15_2518,Tchumash,GR8.06,Q,M,1,0.031397195,0.317273106
15_2519,Tchumash,GR8.06,Q,F,1,-0.026567393,0.271283602
15_2520,Tchumash,HFDPD,Q,NA,NA,NA,NA
15_2521,Tchumash,HFDPD,Q,NA,NA,NA,NA
15_2522,Tchumash,HFDPD,Q,NA,NA,NA,NA
15_2523,Tchumash,HFDPD,Q,NA,NA,NA,NA
15_2524,Tchumash,HFDPD,Q,NA,NA,NA,NA
15_2525,Tchumash,GR8.06,MM,F,1,-0.0207185,0.274313442
15_2526,Tchumash,GR8.06,Q,F,1,-0.001610515,0.166832393
15_2527,Tchumash,GR8.06,Q,M,1,0.028789361,0.328767065
15_2528,Tchumash,GR8.06,Q,F,1,-0.025649043,0.179019409
15_2529,Tchumash,GR8.06,Q,M,1,0.011160824,0.357712364
15_2530,Tchumash,GR8.06,Q,M,1,0.055056653,0.273131674
15_2531,Tchumash,GR8.06,Q,M,1,0.012726522,0.355229691
15_2532,Tchumash,GR8.06,Q,M,1,0.016814408,0.3782129
15_2533,Tchumash,GR8.06,Q,F,1,-0.011448627,0.379630432
15_2534,Tchumash,GR8.06,Q,M,1,0.055016948,0.353376666
15_2535,Tchumash,GR8.06,Q,M,0,0.146861974,0.112534703
15_2536,Tchumash,GR8.06,Q,F,1,-0.022672143,0.238245117
15_2537,Tchumash,GR8.06,Q,M,1,0.026881165,0.274885179
15_2538,Tchumash,GR8.06,Q,M,1,-0.014062145,0.223715662
15_2539,Tchumash,GR8.06,Q,M,1,0.025374615,0.311688593
15_2540,Tchumash,GR8.06,Q,M,1,0.001765771,0.32606471
15_2541,Tchumash,GR8.06,Q,M,1,0.017747717,0.339394744
15_2542,Tchumash,GR8.06,Q,M,1,-0.00895756,0.415506561
15_2543,Tchumash,GR8.06,Q,M,1,0.008472059,0.278436417
15_2544,Tchumash,GR8.06,Q,M,1,-0.008508859,0.333247877
15_2545,Tchumash,GR8.06,Q,F,1,-0.029538843,0.150703871
15_2546,Tchumash,GR8.06,Q,F,1,-0.019109656,0.189121075
15_2547,Tchumash,GR8.06,Q,M,1,-0.000993393,0.26080014
15_2548,Tchumash,GR8.06,Q,M,1,0.031129888,0.211338902
15_2549,Tchumash,GR8.06,Q,F,1,-0.031892556,0.307823037
15_2550,Tchumash,GR8.06,Q,M,1,-0.026193411,0.136150308
15_2551,Tchumash,GR8.06,Q,F,1,-0.027179028,0.14829672
15_2552,Tchumash,GR8.06,Q,M,1,0.013984063,0.301410558
15_2553,Tchumash,GR8.06,Q,M,1,-0.012993331,0.175477635
15_2554,Tchumash,GR8.06,Q,M,0,0.112633796,0.119528759
15_2555,Tchumash,GR8.06,Q,M,1,-0.014699847,0.303917061
15_2556,Tchumash,GR8.06,Q,F,1,-0.05953128,0.177915304
15_2557,Tchumash,GR8.06,Q,M,0,0.185004194,0.165040162
15_2558,Tchumash,GR8.06,Q,M,1,0.006545977,0.314858669
15_2559,Tchumash,GR8.06,Q,M,1,0.03657673,0.360657729
15_2560,Tchumash,GR8.06,Q,M,1,-0.001577868,0.348041211
15_2561,Tchumash,GR8.06,Q,M,1,0.016102631,0.216332652
15_2562,Tchumash,GR8.06,Q,M,1,0.015763362,0.301488949
15_2563,Tchumash,GR8.06,Q,F,1,-0.009770932,0.291400918
15_2564,Tchumash,GR8.06,Q,M,1,0.006605263,0.226080346
15_2565,Tchumash,GR8.06,Q,F,1,-0.018209343,0.127681143
15_2566,Tchumash,GR8.06,Q,M,1,0.019032645,0.227454568
15_2567,Tchumash,GR8.06,MM,M,0,0.107632379,0.186682415
15_2568,Tchumash,GR8.06,MM,M,1,0.0189022,0.27055844
15_2569,Tchumash,GR8.06,MM,M,1,0.007938108,0.350583839
15_2570,Tchumash,GR8.06,MM,M,1,0.023532841,0.361250395
15_2571,Tchumash,GR8.06,MM,M,1,-0.01393852,0.265403523
15_2572,Tchumash,GR8.06,MM,M,1,-0.026311795,0.295538478
15_2573,Tchumash,GR8.06,MM,M,1,-0.026432219,0.1777615
15_2574,Tchumash,GR8.06,MM,F,1,-0.077482602,0.150037945
15_2575,Tchumash,GR8.06,MM,M,1,0.011536396,0.273720372
15_2576,Tchumash,GR8.06,MM,F,1,-0.019367446,0.321367101
15_2577,Tchumash,GR8.06,MM,F,1,0.020162275,0.241092489
15_2578,Tchumash,GR8.06,MM,M,1,-0.015955187,0.255959293
15_2579,Tchumash,GR8.06,MM,F,1,-0.042841722,0.246083924
15_2580,Tchumash,GR8.06,MM,F,1,-0.013579461,0.168286251
15_2581,Tchumash,GR8.06,MM,M,1,-0.010665156,0.302126723
15_2582,Tchumash,GR8.06,MM,M,1,0.015265332,0.389484904
15_2583,Tchumash,GR8.06,MM,M,1,-0.001254153,0.273106
15_2584,Tchumash,GR8.06,MM,M,1,0.024221285,0.285394394
15_2585,Tchumash,GR8.06,MM,M,1,0.011852173,0.173943202
15_2586,Tchumash,GR8.06,MM,M,1,0.017676544,0.285041851
15_2587,Tchumash,GR8.06,MM,M,1,0.047064528,0.242413265
15_2588,Tchumash,GR8.06,MM,F,1,-0.035743846,0.404014676
15_2589,Tchumash,GR8.06,MM,M,0,0.086789924,0.077751739
15_2590,Tchumash,GR8.06,MM,F,1,-0.014848239,0.182341148
15_2591,Tchumash,GR8.06,MM,F,1,-0.038918528,0.238104181
15_2592,Tchumash,GR8.06,MM,M,1,0.003290693,0.200296562
15_2593,Tchumash,GR8.06,MM,M,1,-0.046551618,0.372420319
15_2694,Tchumash,GR8.06,MM,M,1,-0.000488602,0.336097648
15_2595,Tchumash,GR8.06,MM,M,1,0.012580718,0.307187863
15_2596,Tchumash,GR8.06,MM,M,1,-0.024178534,0.377839672
15_2597,Tchumash,GR8.06,MM,M,1,0.004671257,0.381552289
15_2598,Tchumash,HFRS,MM,NA,NA,NA,NA
15_2599,Tchumash,HFRS,MM,NA,NA,NA,NA
15_2600,Tchumash,HFRB,M,NA,NA,NA,NA
15_2602,Tchumash,HFDPD,M,NA,NA,NA,NA
15_2603,Tchumash,HFDPD,M,NA,NA,NA,NA
15_2604,Tchumash,HFDPD,M,NA,NA,NA,NA
15_2606,Tchumash,HFRB,Q,NA,NA,NA,NA
15_2607,Tchumash,HFRB,Q,NA,NA,NA,NA
15_2608,Tchumash,BALD,C,NA,NA,NA,NA
15_2609,Tchumash,BALD,C,NA,NA,NA,NA
15_2610,Tchumash,BALD,C,NA,NA,NA,NA
15_2611,Tchumash,BALD,C,NA,NA,NA,NA
15_2612,Tchumash,BALD,C,NA,NA,NA,NA
15_2613,Tchumash,HF4,C,NA,NA,NA,NA
15_2614,Tchumash,HF4,C,NA,NA,NA,NA
15_2615,Tchumash,HF4,C,NA,NA,NA,NA
15_2616,Tchumash,HF4,C,NA,NA,NA,NA
15_2617,Tchumash,BALD,Q,NA,NA,NA,NA
15_2618,Tchumash,BALD,Q,NA,NA,NA,NA
15_2619,Tchumash,BALD,Q,NA,NA,NA,NA
15_2620,Tchumash,BALD,Q,NA,NA,NA,NA
15_2621,Tchumash,BALD,Q,NA,NA,NA,NA
15_2622,Tchumash,BALD,Q,NA,NA,NA,NA
15_2623,Tchumash,BALD,Q,NA,NA,NA,NA
15_2624,Tchumash,BALD,Q,NA,NA,NA,NA
15_2625,Tchumash,GR8.06,MM,NA,NA,NA,NA
15_2626,Tchumash,GR8.06,Q,NA,NA,NA,NA
15_2627,Tchumash,GR8.06,Q,NA,NA,NA,NA
15_2628,Tchumash,GR8.06,Q,NA,NA,NA,NA
15_2629,Tchumash,GR8.06,Q,NA,NA,NA,NA
15_2630,Tchumash,GR8.06,Q,NA,NA,NA,NA
15_2631,Tchumash,GR8.06,Q,NA,NA,NA,NA
15_2632,Tchumash,GR8.06,Q,NA,NA,NA,NA
15_2633,Tchumash,GR8.06,Q,NA,NA,NA,NA
15_2634,Tchumash,GR8.06,Q,NA,NA,NA,NA
15_2635,Tchumash,GR8.06,Q,NA,NA,NA,NA
15_2636,Tchumash,GR8.06,Q,NA,NA,NA,NA
15_2637,Tchumash,GR8.06,Q,NA,NA,NA,NA
15_2638,Tchumash,GR8.06,Q,NA,NA,NA,NA
15_2639,Tchumash,GR8.06,Q,NA,NA,NA,NA
15_2640,Tchumash,GR8.06,Q,NA,NA,NA,NA
15_2641,Tchumash,GR8.06,Q,NA,NA,NA,NA
15_2642,Tchumash,GR8.06,Q,NA,NA,NA,NA
15_2643,Tchumash,GR8.06,Q,NA,NA,NA,NA
15_2644,Tchumash,GR8.06,Q,NA,NA,NA,NA
15_2645,Tchumash,GR8.06,Q,NA,NA,NA,NA
15_2646,Tchumash,GR8.06,Q,NA,NA,NA,NA
15_2647,Tchumash,GR8.06,Q,NA,NA,NA,NA
15_2648,Tchumash,GR8.06,Q,NA,NA,NA,NA
15_2649,Tchumash,GR8.06,Q,NA,NA,NA,NA
15_2650,Tchumash,GR8.06,Q,NA,NA,NA,NA
15_2651,Tchumash,GR8.06,Q,NA,NA,NA,NA
15_2652,Tchumash,GR8.06,Q,NA,NA,NA,NA
15_2653,Tchumash,GR8.06,Q,NA,NA,NA,NA
15_2654,Tchumash,GR8.06,Q,NA,NA,NA,NA
15_2655,Tchumash,GR8.06,Q,NA,NA,NA,NA
15_2656,Tchumash,GR8.06,Q,NA,NA,NA,NA
15_2657,Tchumash,GR8.06,Q,NA,NA,NA,NA
15_2658,Tchumash,GR8.06,Q,NA,NA,NA,NA
15_2659,Tchumash,GR8.06,Q,NA,NA,NA,NA
15_2660,Tchumash,GR8.06,Q,NA,NA,NA,NA
15_2661,Tchumash,GR8.06,Q,NA,NA,NA,NA
15_2662,Tchumash,GR8.06,Q,NA,NA,NA,NA
15_2663,Tchumash,GR8.06,Q,NA,NA,NA,NA
15_2664,Tchumash,GR8.06,Q,NA,NA,NA,NA
15_2665,Tchumash,GR8.06,Q,NA,NA,NA,NA
15_2666,Tchumash,GR8.06,Q,NA,NA,NA,NA
15_2667,Tchumash,GR8.06,MM,NA,NA,NA,NA
15_2668,Tchumash,GR8.06,MM,NA,NA,NA,NA
15_2669,Tchumash,GR8.06,MM,NA,NA,NA,NA
15_2670,Tchumash,GR8.06,MM,NA,NA,NA,NA
15_2671,Tchumash,GR8.06,MM,NA,NA,NA,NA
15_2672,Tchumash,GR8.06,MM,NA,NA,NA,NA
15_2673,Tchumash,GR8.06,MM,NA,NA,NA,NA
15_2674,Tchumash,GR8.06,MM,NA,NA,NA,NA
15_2675,Tchumash,GR8.06,MM,NA,NA,NA,NA
15_2676,Tchumash,GR8.06,MM,NA,NA,NA,NA
15_2677,Tchumash,GR8.06,MM,NA,NA,NA,NA
15_2678,Tchumash,GR8.06,MM,NA,NA,NA,NA
15_2679,Tchumash,GR8.06,MM,NA,NA,NA,NA
15_2680,Tchumash,GR8.06,MM,NA,NA,NA,NA
15_2681,Tchumash,GR8.06,MM,NA,NA,NA,NA
15_2682,Tchumash,GR8.06,MM,NA,NA,NA,NA
15_2683,Tchumash,GR8.06,MM,NA,NA,NA,NA
15_2684,Tchumash,GR8.06,MM,NA,NA,NA,NA
15_2685,Tchumash,GR8.06,MM,NA,NA,NA,NA
15_2686,Tchumash,GR8.06,MM,NA,NA,NA,NA
15_2687,Tchumash,GR8.06,MM,NA,NA,NA,NA
15_2688,Tchumash,GR8.06,MM,NA,NA,NA,NA
15_2689,Tchumash,GR8.06,MM,NA,NA,NA,NA
15_2690,Tchumash,GR8.06,MM,NA,NA,NA,NA
15_2691,Tchumash,GR8.06,MM,NA,NA,NA,NA
15_2692,Tchumash,GR8.06,MM,NA,NA,NA,NA
15_2693,Tchumash,GR8.06,MM,NA,NA,NA,NA
15_2694,Tchumash,GR8.06,MM,NA,NA,NA,NA
15_2695,Tchumash,GR8.06,MM,NA,NA,NA,NA
15_2696,Tchumash,GR8.06,MM,NA,NA,NA,NA
15_2697,Tchumash,GR8.06,MM,NA,NA,NA,NA
15_2698,Tchumash,GR10.43,MM,NA,NA,NA,NA
15_2699,Tchumash,GR10.43,MM,NA,NA,NA,NA
15_2700,Tchumash,GR10.43,MM,NA,NA,NA,NA
15_2701,Tchumash,GR10.43,MM,NA,NA,NA,NA
15_2702,Tchumash,GR10.43,MM,NA,NA,NA,NA
15_2703,Tchumash,GR10.43,MM,NA,NA,NA,NA
15_2704,Tchumash,GR10.43,MM,NA,NA,NA,NA
15_2705,Tchumash,GR10.43,Q,NA,NA,NA,NA
15_2706,Tchumash,GR10.43,Q,NA,NA,NA,NA
15_2707,Tchumash,GR10.43,Q,NA,NA,NA,NA
15_2708,Tchumash,GR10.43,Q,NA,NA,NA,NA
15_2709,Tchumash,GR10.43,Q,NA,NA,NA,NA
15_2710,Tchumash,GR10.43,Q,NA,NA,NA,NA
15_2711,Tchumash,GR10.43,Q,NA,NA,NA,NA
15_2712,Tchumash,GR10.43,Q,NA,NA,NA,NA
15_2713,Tchumash,GR10.43,Q,NA,NA,NA,NA
15_2714,Tchumash,GR10.43,Q,NA,NA,NA,NA
15_2715,Tchumash,GR10.43,Q,NA,NA,NA,NA
15_2716,Tchumash,GR10.43,Q,NA,NA,NA,NA
15_2717,Tchumash,GR10.43,Q,NA,NA,NA,NA
15_2718,Tchumash,GR10.43,Q,NA,NA,NA,NA
15_2719,Tchumash,GR10.43,Q,NA,NA,NA,NA
15_2720,Tchumash,GR10.43,Q,NA,NA,NA,NA
15_2721,Tchumash,GR10.43,Q,NA,NA,NA,NA
15_2722,Tchumash,GR10.43,Q,NA,NA,NA,NA
15_2723,Tchumash,GR10.43,Q,NA,NA,NA,NA
15_2724,Tchumash,GR10.43,Q,NA,NA,NA,NA
15_2725,Tchumash,GR10.43,Q,NA,NA,NA,NA
15_2726,Tchumash,GR10.43,Q,NA,NA,NA,NA
15_2727,Tchumash,GR10.43,Q,NA,NA,NA,NA
15_2728,Tchumash,GR10.43,Q,NA,NA,NA,NA
15_2729,Tchumash,GR10.43,Q,NA,NA,NA,NA
15_2730,Tchumash,GR10.43,Q,NA,NA,NA,NA
15_2731,Tchumash,GR10.43,Q,NA,NA,NA,NA
15_2732,Tchumash,GR10.43,Q,NA,NA,NA,NA
15_2733,Tchumash,GR10.43,Q,NA,NA,NA,NA
15_2734,Tchumash,GR10.43,Q,NA,NA,NA,NA
15_2735,Tchumash,GR10.43,Q,NA,NA,NA,NA
15_2736,Tchumash,GR10.43,Q,NA,NA,NA,NA
15_2737,Tchumash,GR10.43,Q,NA,NA,NA,NA
15_2738,Tchumash,GR10.43,Q,NA,NA,NA,NA
15_2739,Tchumash,GR10.43,Q,NA,NA,NA,NA
15_2740,Tchumash,GR10.43,Q,NA,NA,NA,NA
15_2741,Tchumash,GR10.43,Q,NA,NA,NA,NA
15_2742,Tchumash,GR10.43,Q,NA,NA,NA,NA
15_2743,Tchumash,GR10.43,Q,NA,NA,NA,NA
15_2744,Tchumash,GR10.43,Q,NA,NA,NA,NA
15_2745,Tchumash,GR10.43,Q,NA,NA,NA,NA
15_2746,Tchumash,GR10.43,Q,NA,NA,NA,NA
15_2747,Tchumash,GR10.43,Q,NA,NA,NA,NA
15_2748,Tchumash,GR10.43,Q,NA,NA,NA,NA
15_2749,Tchumash,GR10.43,Q,NA,NA,NA,NA
15_2750,Tchumash,GR10.43,Q,NA,NA,NA,NA
15_2751,Tchumash,GR10.43,Q,NA,NA,NA,NA
15_2752,Tchumash,GR10.43,Q,NA,NA,NA,NA
15_2753,Tchumash,GR10.43,Q,NA,NA,NA,NA
15_2754,Tchumash,GR10.43,Q,NA,NA,NA,NA
15_2755,Tchumash,GR10.43,Q,NA,NA,NA,NA
15_2756,Tchumash,GR10.43,Q,NA,NA,NA,NA
15_2757,Tchumash,GR10.43,Q,NA,NA,NA,NA
15_2758,Tchumash,GR10.43,Q,NA,NA,NA,NA
15_2759,Tchumash,GR10.43,Q,NA,NA,NA,NA
15_2760,Tchumash,GR10.43,Q,NA,NA,NA,NA
15_2761,Tchumash,GR10.43,Q,NA,NA,NA,NA
15_2762,Tchumash,GR10.43,Q,NA,NA,NA,NA
15_2763,Tchumash,GR10.43,Q,NA,NA,NA,NA
15_2764,Tchumash,GR10.43,Q,NA,NA,NA,NA
15_2765,Tchumash,GR10.43,Q,NA,NA,NA,NA
15_2936,Tchumash,HFTP,C,NA,NA,NA,NA
15_2937,Tchumash,HFTP,C,NA,NA,NA,NA
15_2938,Tchumash,HFTP,C,NA,NA,NA,NA
15_2939,Tchumash,HFTP,C,NA,NA,NA,NA
15_2940,Tchumash,HFTP,C,NA,NA,NA,NA
15_2941,Tchumash,HFTP,C,NA,NA,NA,NA
15_2942,Tchumash,HFTP,C,NA,NA,NA,NA
15_2943,Tchumash,HFTP,C,NA,NA,NA,NA
15_2944,Tchumash,HFTP,C,NA,NA,NA,NA
15_2945,Tchumash,HFTP,C,NA,NA,NA,NA
15_2946,Tchumash,HFTP,C,NA,NA,NA,NA
15_2947,Tchumash,HFTP,C,NA,NA,NA,NA
15_2948,Tchumash,HFTP,C,NA,NA,NA,NA
15_2949,Tchumash,HFTP,C,NA,NA,NA,NA
15_2950,Tchumash,HFTP,C,NA,NA,NA,NA
15_2951,Tchumash,HFTP,C,NA,NA,NA,NA
15_2952,Tchumash,HFTP,C,NA,NA,NA,NA
15_2953,Tchumash,HFTP,C,NA,NA,NA,NA
15_2954,Tchumash,HFTP,C,NA,NA,NA,NA
15_2955,Tchumash,HFTP,C,NA,NA,NA,NA
15_2956,Tchumash,HFTP,C,NA,NA,NA,NA
15_2957,Tchumash,HFTP,C,NA,NA,NA,NA
15_2958,Tchumash,HFTP,C,NA,NA,NA,NA
15_2959,Tchumash,HFTP,C,NA,NA,NA,NA
15_2960,Tchumash,HFTP,C,NA,NA,NA,NA
15_2961,Tchumash,HFTP,C,NA,NA,NA,NA
15_2962,Tchumash,HFTP,C,NA,NA,NA,NA
15_2963,Tchumash,HFTP,C,NA,NA,NA,NA
15_2964,Tchumash,HFTP,C,NA,NA,NA,NA
15_2965,Tchumash,HFTP,C,NA,NA,NA,NA
15_2966,Tchumash,HFTP,C,NA,NA,NA,NA
15_2967,Tchumash,HFTP,C,NA,NA,NA,NA
