id,species,Color,Gender,Treatment,Block,Dot1,Dot2,Dot3,Dot4,Survival,R,G,B,RG,GB,hex
19_0371,T. chumash,I,M,MM,3,red,red,black,blue,0,223.047,194.6905,113.5255,0.067881145456178,0.263338048641213,#DFC271
19_0372,T. chumash,I,M,MM,1,red,blue,red,blue,0,184.548,176.733,124.5755,0.021631361737816,0.173103314377125,#B8B07C
19_0373,T. chumash,M,M,MM,2,red,blue,red,red,0,190.3555,149.8945,120.4065,0.118915503306392,0.109093196103603,#BE9578
19_0374,T. chumash,M,M,MM,1,red,blue,red,red,0,181.0715,149.553,128.701,0.095330200877431,0.074938725049775,#B59580
19_0378,T. chumash,GB,F,AC,3,blue,black,black,blue,0,156.262,161.448,115.4095,-0.016323061911806,0.166289517170385,#9CA173
19_0379,T. chumash,GB,M,MM,3,blue,black,black,blue,1,163.6765,164.277,116.621,-0.001831052268081,0.169655889326375,#A3A474
19_0382,T. chumash,GB,F,MM,3,red,black,red,black,0,142.78,158.081,110.248,-0.05085737267376,0.178262506102583,#8E9E6E
19_0383,T. chumash,M,F,AC,2,red,red,black,blue,0,194.266,159.965,136.94,0.096832293051709,0.077550058099392,#C29F88
19_0384,T. chumash,G,F,AC,3,red,blue,blue,red,1,151.0575,169.0125,105.21,-0.056097103758553,0.232666903700462,#97A969
19_0387,T. chumash,G,M,AC,3,blue,red,black,black,0,168.2045,172.8845,104.6445,-0.013720759098065,0.245884213901971,#A8AC68
19_0388,T. chumash,G,M,MM,3,blue,red,black,black,0,174.537,183.502,97.0745,-0.025039171710345,0.308035419930037,#AEB761
19_0389,T. chumash,GB,M,AC,2,blue,red,black,black,0,157.8735,169.22,116.6815,-0.034688858078806,0.183764338417252,#9DA974
19_0390,T. chumash,M,F,MM,3,red,red,red,blue,0,135.9605,85.2795,75.0875,0.229077020430302,0.063554222502136,#87554B
19_0391,T. chumash,I,F,MM,1,red,black,red,black,0,197.0625,187.587,125.471,0.024634114954004,0.198416906771269,#C5BB7D
19_0392,T. chumash,M,F,AC,1,red,black,red,black,1,205.8545,138.842,106.7205,0.194410155020431,0.13080783914482,#CD8A6A
19_0393,T. chumash,G,M,MM,3,blue,blue,red,red,0,168.9165,168.2125,112.3145,0.00208822142266,0.199260677225365,#A8A870
19_0394,T. chumash,GB,F,AC,1,blue,black,red,black,0,159.6475,170.15,122.6295,-0.031845299009241,0.162308153405549,#9FAA7A
19_0395,T. chumash,G,F,AC,1,red,blue,blue,black,0,160.5755,168.7945,108.3605,-0.024953699486899,0.218051270949469,#A0A86C
19_0396,T. chumash,G,M,MM,2,red,blue,blue,black,0,167.0855,176.601,94.219,-0.027686569009839,0.304194668045196,#A7B05E
19_0397,T. chumash,G,F,AC,1,red,blue,red,blue,1,162.0255,179.878,99.4545,-0.052215025584704,0.287913150098896,#A2B363
19_0398,T. chumash,GB,F,AC,2,blue,blue,black,black,0,178.738,186.9685,138.5415,-0.022505752563873,0.148772695155295,#B2BA8A
19_0399,T. chumash,GB,F,AC,1,blue,red,blue,red,0,160.7,162.26,126.3885,-0.004830319544216,0.12427398721975,#A0A27E
19_0401,T. chumash,G,F,MM,2,red,black,red,black,1,167.8345,180.352,99.5835,-0.035950560978097,0.288525392456477,#A7B463
19_0402,T. chumash,GB,M,AC,2,red,black,red,black,0,183.9395,180.6745,124.666,0.008954675355307,0.183429646574889,#B7B47C
19_0403,T. chumash,GB,F,MM,1,blue,black,blue,red,1,173.281,183.3965,147.402,-0.028360353540664,0.108810952891262,#ADB793
19_0404,T. chumash,GB,F,MM,2,blue,black,red,blue,0,154.0845,170.3335,118.7315,-0.050086616648891,0.178513483126632,#9AAA76
19_0405,T. chumash,GB,M,MM,3,blue,black,red,black,0,169.5485,176.891,133.8955,-0.021194176761022,0.138344168746069,#A9B085
19_0406,T. chumash,M,F,AC,3,red,blue,black,blue,0,189.39,146.1415,120.222,0.128895498634256,0.09730875288844,#BD9278
19_0407,T. chumash,I,M,MM,2,blue,red,black,black,0,184.408,178.3235,137.83,0.016774115289133,0.128081770405831,#B8B289
19_0408,T. chumash,I,F,MM,2,red,red,red,blue,0,169.799,173.2555,125.868,-0.010075658532391,0.158421187235373,#A9AD7D
19_0410,T. chumash,GB,F,AC,2,blue,black,red,black,0,154.615,170.5115,135.544,-0.04889327692452,0.114252153612662,#9AAA87
19_0411,T. chumash,M,F,AC,1,red,red,red,blue,1,195.906,150.39,123.953,0.131436689999307,0.096364769649672,#C3967B
19_0412,T. chumash,M,F,MM,2,red,red,black,blue,1,214.9305,160.313,133.1385,0.145552154800816,0.092603036617635,#D6A085
19_0413,T. chumash,G,F,MM,1,blue,black,black,blue,0,165.6305,182.4205,104.4515,-0.048240056773289,0.271790206084944,#A5B668
19_0414,T. chumash,I,M,MM,2,red,blue,red,blue,0,197.7075,193.415,141.404,0.010974822466107,0.155340646737491,#C5C18D
19_0415,T. chumash,G,F,AC,1,blue,black,black,blue,0,151.589,174.147,120.6965,-0.069252400717145,0.181284308455164,#97AE78
19_0416,T. chumash,G,F,AC,1,blue,black,black,black,1,168.812,183.7035,106.77,-0.042243532553888,0.26485548595655,#A8B76A
19_0418,T. chumash,M,F,MM,3,red,blue,black,blue,0,173.0445,127.0135,94.987,0.153407007978458,0.144263188596422,#AD7F5E
19_0420,T. chumash,M,M,AC,3,red,blue,red,red,0,172.8195,117.714,99.0535,0.18967003805069,0.086085321830994,#AC7563
19_0421,T. chumash,GB,F,MM,2,blue,black,black,blue,0,168.991,177.101,125.9065,-0.023433075598396,0.168954563830928,#A8B17D
19_0422,T. chumash,GB,F,AC,3,blue,black,red,red,0,164.6345,176.378,97.7795,-0.034437154063268,0.286691044381423,#A4B061
19_0422,T. chumash,G,F,MM,1,blue,black,black,black,1,164.6345,176.378,97.7795,-0.034437154063268,0.286691044381423,#A4B061
19_0423,T. chumash,M,F,MM,3,red,red,black,red,1,196.5195,149.292,111.1595,0.136570067797051,0.146409216303227,#C4956F
19_0426,T. chumash,I,F,MM,1,red,blue,red,black,0,184.9305,186.5915,146.201,-0.004470798499147,0.121368420261875,#B8BA92
19_0428,T. chumash,M,M,AC,2,red,red,red,blue,1,141.878,100.0695,85.3215,0.172799884272414,0.079550787255045,#8D6455
19_0429,T. chumash,G,F,MM,3,red,blue,blue,red,0,165.942,184.535,108.2735,-0.053050556812573,0.260448381792195,#A5B86C
19_0431,T. chumash,M,M,MM,3,red,blue,red,red,0,189.1685,140.451,121.996,0.147799204840733,0.070318959637565,#BD8C79
19_0433,T. chumash,G,M,AC,2,blue,black,red,red,0,172,168.699,113.592,0.009688904282079,0.195213449950583,#ACA871
19_0434,T. chumash,GB,F,AC,1,blue,black,red,blue,0,165.1425,182.478,131.3455,-0.049869038218402,0.16293394216813,#A5B683
19_0435,T. chumash,M,M,AC,3,red,red,black,red,0,183.3345,129.514,95.7865,0.17203374796427,0.149700067243526,#B7815F
19_0436,T. chumash,G,M,AC,2,red,blue,blue,blue,0,166.823,176.513,98.6105,-0.028223081762472,0.283154655999942,#A6B062
19_0437,T. chumash,GB,F,AC,2,blue,black,black,blue,0,150.278,163.603,123.417,-0.042452394378762,0.140011149048847,#96A37B
19_0438,T. chumash,I,F,AC,1,red,red,red,red,0,159.2305,164.1985,129.473,-0.015360403674377,0.11824606745973,#9FA481
19_0439,T. chumash,I,F,MM,1,red,red,red,red,0,189.155,186.906,136.701,0.005980412752186,0.155141885064291,#BDBA88
19_0440,T. chumash,G,M,MM,2,blue,black,red,red,0,180.7295,174.1565,109.3815,0.018521440687996,0.228452623634222,#B4AE6D
19_0441,T. chumash,GB,F,MM,1,blue,black,red,blue,0,173.7585,183.7495,130.1385,-0.027946227776721,0.170796589866449,#ADB782
19_0443,T. chumash,G,M,MM,3,blue,black,black,black,0,192.5065,181.337,120.1245,0.029877475467676,0.203052462752292,#C0B578
19_0444,T. chumash,GB,M,AC,3,blue,black,red,blue,1,178.874,179.5595,122.967,-0.001912488648522,0.187066257005585,#B2B37A
19_0445,T. chumash,I,F,AC,2,red,red,blue,black,0,188.0745,188.634,131.678,-0.001485233277189,0.177814131222059,#BCBC83
19_0447,T. chumash,G,F,AC,2,blue,black,black,red,1,144.3305,162.774,91.8145,-0.06005610468098,0.278722330348778,#90A25B
19_0448,T. chumash,I,F,MM,3,red,blue,red,black,0,186.5235,186.3805,133.611,0.000383476712505,0.164909067897116,#BABA85
19_0450,T. chumash,GB,F,MM,1,blue,red,black,blue,0,156.141,172.1755,116.05,-0.048838544514211,0.194727739218078,#9CAC74
19_0451,T. chumash,G,F,AC,2,red,blue,blue,black,1,146.0105,167.968,96.324,-0.069933132364159,0.271078958122077,#92A760
19_0452,T. chumash,I,F,AC,3,red,red,red,blue,0,184.1355,181.2145,136.404,0.007995073217463,0.141082776979301,#B8B588
19_0453,T. chumash,G,F,AC,1,blue,red,blue,blue,1,157.987,172.8075,100.062,-0.044802740069741,0.266594470983382,#9DAC64
19_0454,T. chumash,G,M,AC,3,blue,blue,red,red,1,178.039,178.5425,109.866,-0.001412019412112,0.238122316089852,#B2B26D
19_0455,T. chumash,M,F,AC,3,red,blue,red,black,0,187.5805,150.776,126.6405,0.108774325304819,0.087000953440044,#BB967E
19_0456,T. chumash,I,M,AC,2,red,red,red,red,0,184.7705,187.944,134.6805,-0.00851456007212,0.165094405415584,#B8BB86
19_0457,T. chumash,M,M,MM,3,red,red,red,red,0,127.9465,98.5865,90.9305,0.129605841091585,0.040397431364996,#7F625A
19_0458,T. chumash,I,F,AC,3,red,red,red,red,0,167.247,176.8455,129.9595,-0.02789511541228,0.152820195238018,#A7B081
19_0461,T. chumash,G,F,AC,2,blue,blue,blue,blue,1,164.5305,177.4515,100.474,-0.037782690317034,0.276971706446512,#A4B164
19_0464,T. chumash,G,M,AC,3,blue,blue,black,black,0,159.853,166.945,95.603,-0.021701479201219,0.271729359964654,#9FA65F
19_0465,T. chumash,M,M,AC,2,red,blue,red,red,1,148.872,114.2115,93.0255,0.131747144917868,0.10223077925274,#94725D
19_0466,T. chumash,G,M,MM,2,blue,red,blue,blue,0,162.0335,159.642,91.2715,0.007434510865764,0.272486334932158,#A29F5B
19_0467,T. chumash,I,M,MM,2,red,blue,black,blue,0,162.983,166.687,115.4025,-0.011235477902145,0.181802229434275,#A2A673
19_0468,T. chumash,I,M,AC,1,red,red,blue,black,0,178.5555,170.4655,98.84,0.023179121027102,0.265963747491232,#B2AA62
19_0469,T. chumash,G,F,MM,2,blue,red,blue,red,1,155.823,174.89,102.3945,-0.057654219822021,0.261448079499575,#9BAE66
19_0470,T. chumash,I,F,MM,1,red,red,blue,black,0,174.898,176.7625,137.9445,-0.005301988707859,0.123346477834938,#AEB089
19_0471,T. chumash,GB,F,AC,3,blue,red,blue,red,0,152.7635,174.6785,118.8515,-0.066927883411413,0.190191803222839,#98AE76
19_0472,T. chumash,G,F,MM,1,blue,red,blue,blue,0,164.797,166.8335,127.2645,-0.006140870637653,0.134543587511646,#A4A67F
19_0475,T. chumash,G,M,MM,2,blue,blue,blue,blue,0,152.623,170.3015,86.6145,-0.054744994573035,0.325736816702736,#98AA56
19_0476,T. chumash,GB,F,AC,1,blue,red,blue,black,0,151.597,172.1715,141.854,-0.063546947896414,0.096544707356568,#97AC8D
19_0477,T. chumash,G,F,MM,1,blue,blue,black,black,0,140.81,167.1515,88.774,-0.085535042529667,0.306251233269057,#8CA758
19_0478,T. chumash,M,F,AC,1,red,blue,red,red,0,212.4815,162.8685,136.6085,0.132177967230585,0.087686199607983,#D4A288
19_0480,T. chumash,I,F,MM,2,red,red,black,red,0,179.756,182.7205,137.3425,-0.008178461224383,0.141778337389827,#B3B689
19_0481,T. chumash,I,M,AC,1,red,red,black,red,1,192.6365,171.777,111.3505,0.057241293201267,0.213425047019452,#C0AB6F
19_0482,T. chumash,GB,M,MM,1,red,red,black,red,1,182.451,187.3055,140.7225,-0.013128910512729,0.142009218725231,#B6BB8C
19_0483,T. chumash,I,M,MM,3,red,red,black,black,0,182.018,178.791,132.5165,0.00894379020479,0.148645631730684,#B6B284
19_0485,T. chumash,I,F,AC,3,red,red,black,black,0,224.931,172.7815,137.149,0.131123613162775,0.114969323767748,#E0AC89
19_0486,T. chumash,G,M,AC,1,red,red,black,black,0,179.1585,181.6565,96.144,-0.006923215498247,0.307819820338696,#B3B560
19_0487,T. chumash,I,F,MM,2,red,red,black,black,0,176.7975,188.2895,148.4685,-0.031477428667687,0.11824811882717,#B0BC94
19_0490,T. chumash,G,M,MM,2,red,blue,blue,blue,1,157.829,167.745,99.138,-0.030456977522775,0.257067703825272,#9DA763
19_0491,T. chumash,G,F,AC,1,red,blue,blue,blue,0,161.697,166.268,122.826,-0.013937462839023,0.150269462527759,#A1A67A
19_0492,T. chumash,I,F,MM,1,red,blue,blue,blue,0,182.7625,182.273,142.342,0.001340965467742,0.123010335320303,#B6B68E
19_0493,T. chumash,GB,F,MM,3,blue,black,black,red,1,138.3105,166.854,127.448,-0.093534798444773,0.133896473690291,#8AA67F
19_0494,T. chumash,G,M,AC,3,red,red,red,black,0,183.5765,179.3875,124.4055,0.011541089474438,0.180985078655532,#B7B37C
19_0495,T. chumash,G,F,MM,2,red,red,red,black,0,185.3925,188.506,127.2265,-0.00832712621206,0.194086766487454,#B9BC7F
19_0496,T. chumash,G,M,MM,1,red,red,red,black,0,188.0935,184.591,132.3175,0.009398029700725,0.164948242158226,#BCB884
19_0497,T. chumash,G,F,MM,2,blue,red,black,red,0,164.088,171.814,88.182,-0.023000756172931,0.321666487176726,#A4AB58
19_0498,T. chumash,GB,F,MM,1,blue,black,red,black,1,149.8275,161.776,115.5155,-0.03834520472331,0.166829852339506,#95A173
19_0500,T. chumash,I,F,MM,1,red,red,red,blue,0,147.1655,161.3595,114.6375,-0.046005996272587,0.169284448744008,#93A172
19_0501,T. chumash,G,F,AC,3,blue,black,black,red,1,166.3435,183.3215,105.975,-0.048555045543592,0.267360649022715,#A6B769
19_0502,T. chumash,G,M,AC,1,red,black,red,blue,0,172.817,172.9025,118.7305,-0.000247310319493,0.1857540127489,#ACAC76
19_0503,T. chumash,I,F,MM,1,red,black,red,red,0,187.791,190.087,150.4345,-0.006076035122447,0.116446391784366,#BBBE96
19_0504,T. chumash,G,F,AC,3,red,black,red,blue,0,169.8815,182.086,100.794,-0.034675076534055,0.287372737556561,#A9B664
19_0505,T. chumash,GB,F,MM,1,red,black,red,blue,0,186.031,183.5195,131.9805,0.006796094173868,0.163356576862124,#BAB783
19_0506,T. chumash,I,M,AC,1,black,black,red,red,0,182.521,176.859,135.0505,0.015754911236018,0.134040482896481,#B6B087
19_0508,T. chumash,G,M,MM,2,blue,black,red,black,0,192.1165,193.775,128.7785,-0.004297840196014,0.201506106738882,#C0C180
19_0509,T. chumash,G,M,AC,3,red,blue,blue,blue,0,179.303,183.005,109.341,-0.010217825717346,0.251975399013498,#B3B76D
19_0510,T. chumash,M,M,AC,3,red,red,black,blue,0,167.3195,102.2735,84.7365,0.241274810547752,0.093775733917972,#A76654
19_0511,T. chumash,G,F,AC,1,red,red,black,blue,0,162.2305,174.081,125.8185,-0.035236677901291,0.160928911185247,#A2AE7D
19_0512,T. chumash,G,M,MM,1,red,red,black,blue,0,192.913,192.1135,108.098,0.002076480450047,0.279854369336285,#C0C06C
19_0513,T. chumash,M,F,AC,2,red,blue,red,blue,1,159.887,100.705,79.8715,0.227105974089765,0.115372155291525,#9F644F
19_0514,T. chumash,M,F,MM,3,red,blue,red,blue,0,187.361,139.464,102.6275,0.146552436319131,0.152159410801288,#BB8B66
19_0515,T. chumash,GB,F,AC,2,blue,black,red,blue,0,175.9325,181.486,131.494,-0.015537807919848,0.159729056169723,#AFB583
19_0516,T. chumash,M,F,AC,2,red,red,black,red,1,132.7315,79.148,66.9165,0.252896103681574,0.083740402356493,#844F42
19_0518,T. chumash,M,F,AC,3,red,black,red,black,0,146.528,111.34,99.8595,0.136457412319481,0.054358556720068,#926F63
19_0519,T. chumash,M,M,AC,1,red,black,red,red,1,114.545,92.432,84.538,0.106837957840726,0.044606430468441,#725C54
19_0520,T. chumash,G,F,AC,1,red,red,red,black,1,159.9695,168.4665,114.9055,-0.025871098174378,0.189013028810186,#9FA872
19_0521,T. chumash,I,F,MM,3,red,black,red,red,0,167.4455,174.1135,120.077,-0.019522249450315,0.183678602810084,#A7AE78
19_0522,T. chumash,G,M,MM,3,red,blue,blue,blue,0,177.6515,185.1155,106.543,-0.020575190135817,0.269398971742637,#B1B96A
19_0523,T. chumash,G,M,MM,3,red,red,red,black,0,178.2015,179.221,121.772,-0.002852366596955,0.190864903834973,#B2B379
19_0524,T. chumash,G,F,AC,2,red,red,red,black,0,159.543,180.077,112.493,-0.06046169247983,0.231001127935195,#9FB470
19_0525,T. chumash,I,F,MM,3,black,black,red,black,1,180.504,181.3315,133.2115,-0.002286950838157,0.152983852764169,#B4B585
19_0526,T. chumash,I,F,AC,1,black,black,red,black,0,182.5475,183.8335,129.6965,-0.003510007342084,0.172669282046375,#B6B781
19_0527,T. chumash,I,F,MM,3,red,black,black,black,0,209.568,155.9655,104.858,0.146641826262162,0.195946684251994,#D19B68
19_0530,T. chumash,G,F,AC,3,black,blue,blue,blue,0,138.858,173.5035,93.6505,-0.110914757420489,0.298902505670886,#8AAD5D
19_0531,T. chumash,GB,F,AC,2,black,blue,blue,blue,0,175.3265,173.9845,125.4415,0.003841848667806,0.162120189963463,#AFAD7D
19_0532,T. chumash,G,M,AC,2,red,black,black,black,1,185.401,188.7185,135.286,-0.008867487527381,0.164912833000776,#B9BC87
19_0533,T. chumash,I,F,MM,2,red,black,black,black,0,168.8875,170.6,124.1215,-0.00504436834935,0.157703119724893,#A8AA7C
19_0534,T. chumash,M,F,MM,1,red,black,black,black,1,211.3985,159.077,134.445,0.141227962442861,0.083918752257071,#D39F86
19_0535,T. chumash,I,F,MM,3,black,blue,blue,blue,1,171.9495,180.8255,137.759,-0.025160513074906,0.135180776214787,#ABB489
19_0536,T. chumash,G,M,MM,1,black,black,red,blue,0,192.693,186.565,125.6525,0.016157866149165,0.195096367115873,#C0BA7D
19_0537,T. chumash,G,F,AC,2,blue,red,red,black,1,159.266,171.2025,85.4435,-0.036119932762124,0.334152879842273,#9FAB55
19_0538,T. chumash,I,M,MM,3,red,black,black,blue,0,160.765,172.4945,127.1495,-0.03519629597956,0.151329577765615,#A0AC7F
19_0539,T. chumash,G,M,MM,1,red,black,black,red,0,158.141,156.591,91.835,0.004924824930417,0.260665147770362,#9E9C5B
19_0540,T. chumash,GB,F,MM,1,black,blue,blue,blue,0,153.43,168.102,117.346,-0.045631539007004,0.177811720523528,#99A875
19_0541,T. chumash,G,M,MM,3,black,blue,blue,red,0,169.9965,178.901,108.497,-0.025521822311711,0.244970389494708,#A9B26C
19_0542,T. chumash,I,M,AC,2,black,blue,blue,red,0,183.281,169.4775,126.5135,0.039130169790381,0.145153062086347,#B7A97E
19_0543,T. chumash,G,F,MM,2,black,blue,blue,red,1,186.511,189.371,125.6815,-0.007608770837656,0.202155196356163,#BABD7D
19_0545,T. chumash,G,F,AC,2,black,blue,blue,black,0,148.521,162.366,89.035,-0.04453386600276,0.291689372755081,#94A259
19_0550,T. chumash,GB,F,MM,1,red,black,black,blue,0,166.6655,173.8895,111.6125,-0.021212432646709,0.218131571757816,#A6AD6F
19_0551,T. chumash,G,F,MM,2,red,black,black,red,0,148.9005,173.813,108.464,-0.077196956433493,0.231506640640222,#94AD6C
19_0552,T. chumash,M,F,AC,2,red,black,black,red,0,215.202,150.4985,118.0435,0.176930302255534,0.120856327874224,#D79676
19_0553,T. chumash,GB,F,AC,1,red,black,black,blue,0,158.157,169.861,131.2325,-0.035680968727326,0.128294034909422,#9EA983
19_0554,T. chumash,G,M,AC,3,red,black,black,red,0,164.1515,175.034,98.5135,-0.032084213505589,0.279733867061479,#A4AF62
19_0555,T. chumash,G,F,MM,3,red,black,black,red,0,147.876,172.2475,110.5845,-0.076131555477808,0.218019884595802,#93AC6E
19_0556,T. chumash,I,F,AC,1,red,black,black,red,0,176.359,180.2805,127.068,-0.010995697335825,0.173134080693415,#B0B47F
19_0558,T. chumash,M,F,AC,3,red,red,blue,black,0,148.1105,107.2005,94.558,0.160235947530659,0.062661548336254,#946B5E
19_0559,T. chumash,GB,F,MM,2,red,black,black,blue,0,144.9185,167.658,121.679,-0.072748591144888,0.15891158061361,#90A779
19_0560,T. chumash,M,M,AC,3,black,blue,blue,red,0,207.8985,140.408,104.649,0.193767558170749,0.145921153037865,#CF8C68
19_0561,T. chumash,I,M,AC,1,black,blue,blue,red,0,181.2595,183.3935,140.5775,-0.005852138882719,0.132159977281917,#B5B78C
19_0563,T. chumash,M,M,MM,1,black,blue,blue,red,0,152.669,116.8285,98.8735,0.132990101948998,0.083239840149836,#987462
19_0564,T. chumash,I,F,AC,3,black,blue,blue,black,0,230.989,167.0155,124.138,0.160735619823394,0.147267678389578,#E6A77C
19_0565,T. chumash,GB,F,MM,3,black,blue,blue,black,1,140.296,157.173,111.679,-0.056735323680787,0.169215776709863,#8C9D6F
19_0566,T. chumash,I,F,MM,1,black,red,red,black,0,183.956,178.9595,119.6835,0.013767667680218,0.198484478122708,#B7B277
19_0567,T. chumash,G,F,MM,3,black,blue,red,blue,0,154.659,167.22,90.846,-0.039023981061206,0.295947548301597,#9AA75A
19_0568,T. chumash,G,F,AC,2,black,blue,red,blue,1,178.799,190.814,126.416,-0.032506973510131,0.203000977208965,#B2BE7E
19_0569,T. chumash,G,F,AC,1,black,blue,red,red,1,162.5925,183.539,105.4095,-0.060516017756257,0.270392474783569,#A2B769
19_0570,T. chumash,GB,F,MM,3,black,blue,red,red,0,188.16,187.106,138.923,0.002808674380306,0.147787466759092,#BCBB8A
19_0571,T. chumash,G,F,AC,2,black,blue,red,red,0,146.255,155.1605,109.6505,-0.029545594038794,0.171858419778635,#929B6D
19_0572,T. chumash,G,M,MM,2,black,blue,red,red,0,185.5675,182.1445,124.917,0.009308915673136,0.186371459789,#B9B67C
19_0573,T. chumash,GB,F,MM,3,black,blue,black,black,0,180.8605,177.6805,130.2815,0.008869278548339,0.153911846266747,#B4B182
19_0574,T. chumash,G,M,AC,2,black,blue,black,black,0,176.2085,174.341,115.275,0.005327350345672,0.203945914590354,#B0AE73
19_0575,T. chumash,M,M,MM,2,black,black,blue,black,0,196.798,142.1065,119,0.161377320159514,0.08849454149935,#C48E77
19_0576,T. chumash,G,F,MM,2,black,black,black,red,0,162.107,174.773,101.6625,-0.037597957729755,0.264475799960569,#A2AE65
19_0577,T. chumash,M,M,AC,3,black,blue,black,blue,0,164.162,98.436,86.749,0.250291319812032,0.063109863109863,#A46256
19_0579,T. chumash,G,M,MM,3,black,blue,black,blue,0,167.114,176.6265,101.5865,-0.027673492067417,0.269721400509681,#A7B065
19_0580,T. chumash,G,F,AC,1,black,blue,black,blue,1,158.9765,178.294,109.8955,-0.057275984706638,0.237338626147032,#9EB26D
19_0581,T. chumash,I,F,MM,1,black,blue,black,blue,1,192.8885,150.4335,127.0915,0.123659421767321,0.084107738041618,#C0967F
19_0582,T. chumash,GB,F,AC,3,black,blue,black,red,0,165.542,168.7625,113.652,-0.009633432992975,0.195140476144107,#A5A871
19_0583,T. chumash,M,F,AC,2,black,blue,black,red,1,179.717,115.244,96.844,0.218581439580148,0.086756440722719,#B37360
19_0584,T. chumash,G,M,MM,2,black,blue,black,red,0,165.2375,175.7325,106.383,-0.030779834002992,0.245819531362155,#A5AF6A
19_0585,T. chumash,G,M,AC,1,black,blue,black,red,0,155.661,175.7745,106.5055,-0.060686015831135,0.245391101034434,#9BAF6A
19_0586,T. chumash,G,M,AC,2,black,black,black,black,0,164.2015,173.535,90.7215,-0.027635449529441,0.313383019906795,#A4AD5A
19_0589,T. chumash,G,M,AC,3,red,black,black,blue,0,194.4645,192.202,138.6285,0.005851295625558,0.16193639945531,#C2C08A
19_0590,T. chumash,G,M,AC,2,red,black,black,blue,0,182.164,184.713,119.523,-0.00694783265236,0.214274444838875,#B6B877
19_0591,T. chumash,G,F,AC,3,red,black,black,black,0,154.0905,170.2545,92.0425,-0.049835822966286,0.298181069550929,#9AAA5C
19_0592,T. chumash,M,M,MM,2,black,blue,blue,blue,1,173.696,120.8565,95.9965,0.179389073255192,0.114639871249187,#AD785F
19_0593,T. chumash,G,F,AC,1,black,blue,blue,blue,1,159.5915,177.95,105.3605,-0.054388867739226,0.25621888352179,#9FB169
19_0596,T. chumash,G,M,AC,2,black,black,blue,black,0,182.233,185.8515,109.4005,-0.009830623131373,0.258934740492867,#B6B96D
19_0598,T. chumash,GB,F,MM,1,black,blue,blue,black,0,161.7845,166.432,126.1995,-0.014159860945443,0.137485198961834,#A1A67E
19_0599,T. chumash,G,M,AC,3,black,blue,red,blue,0,187.3975,190.4195,126.501,-0.007998581323763,0.201686227303062,#BBBE7E
19_0600,T. chumash,GB,F,AC,1,black,blue,red,blue,0,149.4815,168.442,121.547,-0.059638560848758,0.16171303049426,#95A879
19_0601,T. chumash,G,F,MM,1,black,blue,red,blue,0,149.421,174.1025,108.887,-0.076289666747547,0.23045201323724,#95AE6C
19_0604,T. chumash,M,M,AC,1,black,blue,blue,black,1,164.093,114.338,97.976,0.178697774313923,0.077065101689008,#A47261
19_0605,T. chumash,G,M,MM,2,black,blue,red,blue,0,177.6405,173.2005,121.748,0.012655305394752,0.174445708318571,#B1AD79
19_0606,T. chumash,GB,F,AC,3,black,blue,red,red,0,181.4205,184.9915,136.988,-0.009745859851752,0.149088684217473,#B5B888
19_0607,T. chumash,G,M,MM,2,black,blue,black,blue,0,198.6895,182.726,119.0395,0.041853306957898,0.21104632570655,#C6B677
19_0608,T. chumash,G,M,MM,3,black,blue,black,red,0,178.4115,184.9945,114.9985,-0.018114725678718,0.233325444260366,#B2B872
19_0609,T. chumash,GB,F,MM,1,black,blue,black,red,1,187.812,183.2855,130.2865,0.012197603055801,0.169017004069241,#BBB782
19_0610,T. chumash,GB,F,AC,3,black,blue,black,black,0,173.88,182.317,135.1465,-0.023686330878699,0.148585585429506,#ADB687
19_0611,T. chumash,I,M,MM,2,black,blue,red,black,0,209.8645,148.091,106.3735,0.172573127106582,0.163942318083662,#D1946A
19_0612,T. chumash,G,M,AC,1,black,blue,red,black,0,162.1625,174.9525,113.1925,-0.037939575515774,0.214336531954398,#A2AE71
19_0613,T. chumash,I,F,MM,1,black,blue,red,black,0,162.627,171.5475,127.776,-0.026694137344411,0.146234759382407,#A2AB7F
19_0614,T. chumash,G,M,AC,2,black,blue,black,blue,0,191.04,185.866,133.8205,0.013727560718057,0.162801682273102,#BFB985
19_0615,T. chumash,GB,F,AC,3,black,red,black,black,0,182.6835,179.498,130.728,0.008795313951707,0.157207970963104,#B6B382
19_0616,T. chumash,G,F,AC,1,black,black,blue,black,1,160.9185,174.501,92.371,-0.040494067876197,0.30775053209029,#A0AE5C
19_0617,T. chumash,G,M,MM,1,black,blue,red,red,0,175.483,176.705,117.5765,-0.0034697377537,0.200924964702164,#AFB075
19_0618,T. chumash,G,F,AC,3,black,blue,red,black,0,153.605,180.825,100.857,-0.081392219597524,0.283894604554072,#99B464
19_0619,T. chumash,G,F,MM,3,black,blue,red,black,0,165.0505,177.126,84.3805,-0.0352902668652,0.354658488412334,#A5B154
19_0620,T. chumash,G,M,MM,1,black,blue,black,black,0,191.1965,187.6755,104.892,0.00929337612703,0.282955215463098,#BFBB68
19_0621,T. chumash,G,M,MM,3,black,red,blue,red,0,178.0525,185.924,117.8765,-0.021626396209645,0.223987452291882,#B2B975
19_0622,T. chumash,GB,F,MM,2,black,red,blue,red,0,167.8135,170.9205,126.1345,-0.009172388954165,0.150766693036643,#A7AA7E
19_0623,T. chumash,G,M,AC,1,black,red,blue,red,0,166.3765,175.026,106.7805,-0.02533519818982,0.242171490011763,#A6AF6A
19_0624,T. chumash,G,M,MM,1,black,red,blue,red,0,170.9605,178.1105,104.1415,-0.020482939000948,0.262067230701642,#AAB268
19_0625,T. chumash,I,F,MM,2,black,black,black,black,0,158.2145,169.104,122.7275,-0.033268819208202,0.158915332991812,#9EA97A
19_0626,T. chumash,G,M,AC,1,black,black,black,black,0,197.32,183.5065,120.549,0.036272423268864,0.207059237540515,#C5B778
19_0627,T. chumash,GB,F,MM,1,blue,red,blue,black,0,152.218,168.146,123.5015,-0.049718445268507,0.153076916483083,#98A87B
19_0628,T. chumash,G,F,AC,1,blue,blue,black,black,1,160.6465,179.4315,94.688,-0.055237327907127,0.309148017561684,#A0B35E
19_0629,T. chumash,G,F,AC,3,red,black,blue,blue,0,167.5855,174.319,118.403,-0.019694095865951,0.191020832052254,#A7AE76
19_0630,T. chumash,G,M,AC,1,red,black,blue,blue,1,194.373,189.7655,132.0215,0.011994371821622,0.179447895657687,#C2BD84
19_0631,T. chumash,G,M,AC,2,red,black,blue,red,1,174.328,180.116,94.439,-0.016329801040503,0.312057693358344,#AEB45E
19_0632,T. chumash,M,F,AC,3,red,black,blue,black,0,165.6385,123.473,110.594,0.145845115119945,0.055022707173587,#A57B6E
19_0633,T. chumash,M,M,AC,1,red,black,blue,black,1,156.524,93.8915,84.761,0.250114310016752,0.051107597150894,#9C5D54
19_0634,T. chumash,G,F,AC,2,red,black,red,blue,0,167.3815,174.464,112.4915,-0.020718423966383,0.215965541695489,#A7AE70
19_0635,T. chumash,GB,M,MM,3,black,red,black,black,1,164.602,174.761,132.017,-0.029935496798414,0.139332025112622,#A4AE84
19_0636,T. chumash,G,M,AC,2,black,red,black,black,0,198.1345,181.6125,123.4615,0.043507914479904,0.190612769360876,#C6B57B
19_0637,T. chumash,M,M,MM,3,black,black,black,black,0,160.327,108.955,94.6725,0.190773984150445,0.070140329768818,#A06C5E
19_0638,T. chumash,I,F,MM,2,black,blue,blue,black,1,168.744,177.55,132.499,-0.025429259530919,0.145302839228638,#A8B184
19_0640,T. chumash,G,M,MM,2,black,blue,black,black,0,186.114,176.0615,120.7565,0.027755880781555,0.186326300965575,#BAB078
19_0641,T. chumash,I,F,AC,2,black,red,blue,blue,0,179.4705,176.9005,123.446,0.007211585678969,0.177976104266239,#B3B07B
19_0642,T. chumash,G,M,AC,1,black,red,blue,blue,0,179.176,179.8895,117.1955,-0.001987102631693,0.211030513152801,#B3B375
19_0643,T. chumash,I,F,MM,1,black,red,blue,blue,0,171.815,176.868,132.503,-0.014491672952223,0.143403874312718,#ABB084
19_0644,T. chumash,G,M,AC,3,black,red,blue,red,0,160.1195,172.9975,107.713,-0.038659089749247,0.232568785278784,#A0AC6B
19_0645,T. chumash,GB,F,AC,3,black,black,blue,red,0,184.0475,186.262,155.4345,-0.005980132834831,0.090218951613493,#B8BA9B
19_0646,T. chumash,I,M,AC,3,black,black,black,red,0,198.0085,196.5225,153.8475,0.003766497436196,0.121799811627708,#C6C499
19_0647,T. chumash,G,F,AC,2,black,blue,red,black,1,159.8765,179.4005,93.673,-0.057545899073618,0.313935625390234,#9FB35D
19_0648,T. chumash,I,F,AC,1,black,blue,black,black,0,199.8905,158.4175,120.8235,0.115746787679873,0.134629227083415,#C79E78
19_0649,T. chumash,G,M,AC,3,black,red,blue,blue,1,174.3505,181.55,106.7515,-0.020228968489789,0.259445406978458,#AEB56A
19_0650,T. chumash,G,F,MM,3,black,red,blue,blue,0,157.578,174.825,99.4425,-0.051885813304934,0.274850283026607,#9DAE63
19_0651,T. chumash,G,M,MM,2,black,red,blue,blue,0,193.3215,183.397,112.5635,0.026344604791111,0.239334303057334,#C1B770
19_0652,T. chumash,G,F,AC,2,black,red,blue,red,0,177.4695,182.8965,121.8905,-0.015059689315862,0.200159455619826,#B1B679
19_0653,T. chumash,M,F,AC,1,black,black,blue,red,1,161.212,103.396,86.7045,0.218496795259403,0.08780355653983,#A16756
19_0654,T. chumash,GB,F,MM,1,black,black,red,black,0,176.1595,176.1555,136.6715,1.13534762924959e-05,0.126216726817059,#B0B088
19_0655,T. chumash,GB,F,MM,2,black,black,black,blue,0,182.0235,188.517,146.9885,-0.017524400166783,0.123778894831828,#B6BC92
19_0656,T. chumash,G,M,MM,1,blue,red,red,red,0,199.6415,186.011,125.6455,0.035343994917705,0.193692414565395,#C7BA7D
19_0657,T. chumash,GB,F,AC,2,blue,red,black,blue,0,179.718,183.9075,132.6215,-0.011521469203893,0.162026228244489,#B3B784
19_0658,T. chumash,I,F,MM,2,red,red,red,red,0,193.6145,189.315,144.321,0.011227915321228,0.134859547530842,#C1BD90
19_0659,T. chumash,G,M,AC,3,blue,red,red,red,0,185.516,183.4385,122.853,0.005630775610543,0.197803399702571,#B9B77A
19_0660,T. chumash,G,M,AC,2,blue,red,blue,blue,0,177.1985,167.7085,112.7825,0.027514663373025,0.195820899779316,#B1A770
19_0661,T. chumash,G,M,AC,1,blue,red,red,red,0,179.8345,174.9565,117.2925,0.013748939516504,0.197311196958758,#B3AE75
19_0662,T. chumash,G,M,AC,2,black,black,blue,blue,0,175.301,167.738,104.656,0.022047055874113,0.23158366190151,#AFA768
19_0663,T. chumash,GB,F,MM,1,black,black,red,red,0,154.392,167.22,123.9465,-0.03988657139659,0.148621149754522,#9AA77B
19_0664,T. chumash,M,M,AC,2,black,black,black,red,0,203.661,150.571,117.045,0.149873529212494,0.125276515604448,#CB9675
19_0665,T. chumash,G,M,AC,2,red,red,black,black,0,193.492,177.8095,128.6805,0.042236565163351,0.160295605076838,#C1B180
19_0666,T. chumash,GB,F,AC,2,red,black,blue,blue,0,175.9785,177.1875,129.255,-0.003423319345577,0.15641596710639,#AFB181
19_0667,T. chumash,G,F,AC,3,red,black,blue,red,0,171.312,180.039,114.6005,-0.024838409453794,0.222096833588164,#ABB472
19_0668,T. chumash,G,M,AC,1,red,black,blue,red,0,183.098,176.817,116.4785,0.017451342678132,0.205725965792179,#B7B074
19_0670,T. chumash,G,M,AC,3,blue,red,red,blue,0,186.8025,180.8405,118.2765,0.016216819033682,0.209162301039393,#BAB476
19_0671,T. chumash,G,F,AC,1,blue,black,black,red,1,155.4195,164.7085,87.4575,-0.029016518392643,0.306349785458785,#9BA457
19_0673,T. chumash,M,M,AC,2,black,red,black,blue,1,175.6085,131.619,118.493,0.143182169564899,0.052480488741044,#AF8376
19_0674,T. chumash,G,F,MM,3,black,black,blue,blue,0,155.5605,172.9585,110.426,-0.052958885178635,0.220663092018088,#9BAC6E
19_0675,T. chumash,M,M,MM,2,black,black,blue,red,0,177.1845,120.804,102.9805,0.189203610206434,0.079645819974127,#B17866
19_0676,T. chumash,I,F,MM,2,black,black,red,black,1,208.233,165.6115,120.6685,0.114008631931191,0.156989660472265,#D0A578
19_0677,T. chumash,GB,F,AC,2,black,black,black,blue,0,160.487,173.362,124.655,-0.038565339419917,0.163436985138432,#A0AD7C
19_0678,T. chumash,I,F,AC,1,black,black,black,blue,0,213.4225,167.327,148.1655,0.121065162265479,0.06073519972741,#D5A794
19_0679,T. chumash,I,F,MM,1,red,blue,black,black,1,220.5935,153.5415,122.736,0.17921873120665,0.111502022423107,#DC997A
19_0680,T. chumash,GB,F,MM,2,blue,red,red,blue,0,178.1335,184.5585,131.443,-0.017714755219305,0.168086227438794,#B2B883
19_0681,T. chumash,G,F,AC,2,blue,red,red,blue,0,161.875,178.0335,100.851,-0.047537793259068,0.276754355297623,#A1B264
19_0683,T. chumash,GB,F,AC,1,black,red,red,black,0,180.493,186.474,136.8405,-0.016298468254639,0.153514611933582,#B4BA88
19_0684,T. chumash,GB,F,AC,1,black,red,black,red,0,185.3605,190.1585,149.0645,-0.012776983321749,0.121141549953865,#B9BE95
19_0685,T. chumash,G,M,AC,1,black,red,black,black,0,188.4495,180.1125,125.211,0.022620346101877,0.179814197072941,#BCB47D
19_0686,T. chumash,M,M,MM,3,black,black,blue,red,0,203.5455,143.977,118.0685,0.171409045457488,0.098870234367696,#CB8F76
19_0687,T. chumash,G,M,MM,1,black,black,blue,red,0,187.091,195.203,145.2145,-0.021219271032242,0.146844683366748,#BBC391
19_0688,T. chumash,GB,F,AC,3,black,black,blue,black,0,168.655,173.9225,124.3685,-0.015376082784188,0.166126366534693,#A8AD7C
19_0689,T. chumash,GB,F,MM,1,red,red,black,black,0,182.4295,183.781,135.281,-0.003690500408918,0.152008073665933,#B6B787
19_0690,T. chumash,M,F,MM,2,red,black,blue,blue,0,216.0535,164.004,131.355,0.136951645474698,0.110540054645364,#D8A483
19_0691,T. chumash,G,M,MM,3,red,black,blue,red,0,194.4035,195.221,120.584,-0.002098174011131,0.236338880005066,#C2C378
19_0692,T. chumash,G,F,MM,1,red,black,blue,red,0,170.7225,189.071,103.3485,-0.050997308178163,0.293149054697105,#AABD67
19_0693,T. chumash,M,M,MM,2,red,black,blue,black,0,156.3255,119.009,108.1575,0.135531508038404,0.047768927196572,#9C776C
19_0694,T. chumash,G,F,MM,3,red,black,red,blue,0,171.5755,172.2905,124.0965,-0.002079298331327,0.162604972552777,#ABAC7C
19_0695,T. chumash,GB,F,MM,3,black,black,blue,black,1,163.202,185.12,129.6655,-0.062924535343734,0.176165992397998,#A3B981
19_0697,T. chumash,M,M,AC,1,black,black,black,red,0,166.394,106.257,90.402,0.22056401773696,0.080621786951017,#A66A5A
19_0698,T. chumash,I,F,AC,2,red,black,blue,black,0,237.6735,187.8925,134.7545,0.116975980223984,0.16469392246015,#EDBB86
19_0699,T. chumash,G,M,AC,3,blue,red,black,blue,0,174.3345,174.7945,115.8675,-0.001317564567825,0.202733759486964,#AEAE73
19_0700,T. chumash,G,M,MM,3,blue,red,black,blue,0,203.599,191.47,130.716,0.030700966160342,0.188568094206452,#CBBF82
19_0701,T. chumash,G,M,AC,1,blue,blue,blue,blue,1,170.8525,179.411,114.94,-0.024434461483997,0.219027623483528,#AAB372
19_0702,T. chumash,GB,F,MM,2,blue,red,red,black,0,184.367,189.2185,146.6285,-0.012986317723788,0.126813697904105,#B8BD92
19_0703,T. chumash,G,M,MM,3,blue,red,red,red,0,177.7535,188.9925,132.0205,-0.030645187677575,0.177475678555074,#B1BC84
19_0704,T. chumash,GB,F,MM,3,black,red,red,black,0,180.6715,181.1995,142.273,-0.001459083485551,0.120339441529033,#B4B58E
19_0705,T. chumash,G,F,AC,3,black,black,blue,blue,0,182.4385,180.1995,124.153,0.006174201269586,0.184149957697078,#B6B47C
19_0706,T. chumash,G,M,MM,2,black,black,blue,blue,0,179.4565,185.356,105.874,-0.016171320884016,0.272918311987089,#B3B969
19_0707,T. chumash,G,F,MM,2,black,black,red,blue,0,159.234,176.112,118.092,-0.050330106815051,0.1972100991149,#9FB076
19_0708,T. chumash,G,M,AC,2,black,black,red,red,1,183.2425,177.6985,111.3705,0.01535985105599,0.229453867415738,#B7B16F
19_0710,T. chumash,M,F,AC,2,red,red,blue,blue,1,198.2745,116.4495,89.053,0.259989705265566,0.133314679870075,#C67459
19_0711,T. chumash,GB,F,AC,3,blue,red,red,black,0,189.8705,192.6495,154.7005,-0.007264979608909,0.109252914927307,#BDC09A
19_0712,T. chumash,G,M,AC,3,blue,red,black,red,0,183.6765,185.5385,125.301,-0.005043132050431,0.193789721061834,#B7B97D
19_0713,T. chumash,G,F,MM,2,black,red,black,blue,0,181.105,193.9005,141.805,-0.034120832894451,0.155182146256168,#B5C18D
19_0714,T. chumash,I,F,MM,1,black,red,black,black,1,184.965,146.452,122.786,0.116207074471135,0.087899924973444,#B8927A
19_0715,T. chumash,GB,F,MM,3,black,black,red,blue,0,162.0935,178.6495,133.034,-0.048587938710406,0.146351988475489,#A2B285
19_0716,T. chumash,G,M,AC,2,black,black,red,blue,0,173.427,167.411,110.056,0.017650614074722,0.206709266327167,#ADA76E
19_0717,T. chumash,I,F,AC,1,black,black,red,blue,0,206.3585,157.723,110.0915,0.13358410136192,0.17785258079753,#CE9D6E
19_0718,T. chumash,G,F,AC,3,black,black,red,red,0,171.1115,183.506,126.5075,-0.03495174378027,0.183858122307577,#ABB77E
19_0719,T. chumash,G,M,AC,2,black,red,red,black,0,196.691,188.255,126.292,0.021914762070524,0.196991228655813,#C4BC7E
19_0720,T. chumash,GB,F,AC,1,black,red,black,blue,0,171.541,180.271,131.9775,-0.024814389503485,0.154663673324291,#ABB483
19_0721,T. chumash,GB,F,AC,3,black,red,black,red,0,178.398,180.8635,129.955,-0.006862689155392,0.163788513231999,#B2B481
19_0722,T. chumash,GB,F,MM,3,black,red,black,red,0,164.2165,174.097,136.8755,-0.029205160302501,0.119693863605303,#A4AE88
19_0723,T. chumash,GB,F,MM,2,black,red,black,black,0,173.7825,174.289,132.4425,-0.001455160793113,0.13642713578488,#ADAE84
19_0724,T. chumash,M,F,AC,3,black,black,red,blue,0,198.3885,141.219,119.67,0.168339921821515,0.082598346423191,#C68D77
19_0725,T. chumash,GB,M,MM,3,black,black,red,red,0,187.9,184.854,148.886,0.008171609157782,0.107772517528615,#BBB894
19_0726,T. chumash,G,F,MM,2,black,black,red,red,1,157.2465,174.5815,96.5565,-0.052240919994696,0.287768590164418,#9DAE60
19_0727,T. chumash,G,M,AC,3,black,black,red,black,0,197.2725,189.9515,121.8585,0.018906369439911,0.218379782559892,#C5BD79
19_0728,T. chumash,GB,F,AC,2,black,black,red,black,0,160.135,165.9225,119.491,-0.017749936744286,0.162681512962772,#A0A577
19_0729,T. chumash,GB,F,MM,2,blue,blue,black,black,0,186.4145,193.8985,137.9795,-0.019678527949347,0.168492638861268,#BAC189
19_0730,T. chumash,M,F,AC,3,black,red,red,black,0,218.0205,159.856,132.9715,0.153924628813911,0.091810024673229,#DA9F84
19_0731,T. chumash,G,M,MM,2,black,red,red,black,0,208.43,183.1005,126.858,0.064693555163646,0.181451710470918,#D0B77E
19_0732,T. chumash,GB,F,AC,2,blue,red,red,red,0,180.0755,180.179,130.1395,-0.000287296897055,0.161252068439362,#B4B482
19_0732,T. chumash,GB,F,AC,3,black,red,black,blue,0,180.0755,180.179,130.1395,-0.000287296897055,0.161252068439362,#B4B482
19_0733,T. chumash,G,M,MM,1,black,red,black,red,1,179.2795,173.236,108.95,0.017143927004628,0.227814278525512,#B3AD6C
19_0734,T. chumash,G,M,AC,1,black,black,blue,blue,0,192.604,189.2835,124.687,0.008694969068116,0.205740666718689,#C0BD7C
19_0735,T. chumash,I,F,AC,2,black,black,blue,red,0,231.4565,168.34,130.5595,0.157871567159793,0.126398672463487,#E7A882
19_0736,T. chumash,GB,F,MM,1,black,black,blue,black,0,153.3195,166.554,127.3765,-0.041374168225877,0.133288311352514,#99A67F
19_0737,T. chumash,G,F,MM,3,black,black,black,red,0,149.575,164.2775,114.472,-0.046845253741806,0.178674759954726,#95A472
19_0738,T. chumash,G,F,AC,3,black,black,black,black,0,175.2045,186.0275,128.4015,-0.029961354475794,0.183271899220492,#AFBA80
19_0739,T. chumash,G,M,MM,3,black,red,black,blue,0,190.882,188.381,132.42,0.006594368551638,0.174441476179937,#BEBC84
19_0740,T. chumash,GB,F,MM,1,black,red,black,blue,0,178.827,180.3455,142.448,-0.004227773562842,0.117404780455616,#B2B48E
19_0741,T. chumash,M,M,AC,2,black,red,black,red,1,204.3345,159.0185,137.5065,0.124716185087229,0.072547002782227,#CC9F89
19_0742,T. chumash,G,M,MM,2,black,red,black,red,0,180.329,178.235,119.2645,0.005839961624703,0.198220501210926,#B4B277
19_0743,T. chumash,GB,F,MM,1,black,black,blue,blue,0,166.2415,175.4975,134.745,-0.027084997615139,0.131356922407472,#A6AF86
19_0744,T. chumash,G,M,AC,3,black,black,black,blue,0,185.9285,172.255,98.202,0.03817456694683,0.273806926794278,#B9AC62
19_0745,T. chumash,GB,M,MM,3,black,black,black,blue,0,193.385,186.0805,137.768,0.019249444284131,0.149182410911275,#C1BA89
19_0746,T. chumash,G,F,MM,1,black,black,black,blue,0,168.882,178.4155,100.819,-0.027450528725372,0.277890088796334,#A8B264
19_0747,T. chumash,GB,M,MM,1,black,black,black,red,0,181.4935,173.421,112.4645,0.022744914620282,0.213219977928226,#B5AD70
19_0748,T. chumash,GB,F,MM,1,black,black,black,black,0,183.552,181.822,123.3615,0.004734874402667,0.191558521348631,#B7B57B
19_0749,T. chumash,I,F,MM,3,red,blue,black,black,1,210.762,142.7345,102.2495,0.192441792210107,0.165255690167521,#D28E66
19_0750,T. chumash,G,F,MM,3,blue,black,blue,black,1,153.1645,177.2205,94.097,-0.072812022337576,0.306369843449096,#99B15E
19_0751,T. chumash,I,M,MM,2,red,black,red,red,0,194.538,190.626,144.143,0.01015671246534,0.138850968877047,#C2BE90
19_0752,T. chumash,G,M,MM,3,blue,red,red,blue,1,158.4745,172.342,105.597,-0.041919009481087,0.240142621222642,#9EAC69
19_0753,T. chumash,I,F,AC,1,red,blue,black,black,0,186.208,186.5795,146.3755,-0.000996546289776,0.120749050171945,#BABA92
19_0754,T. chumash,G,M,MM,1,red,black,blue,black,0,162.066,175.3395,119.482,-0.039339904062026,0.189462098252671,#A2AF77
19_0755,T. chumash,I,F,MM,2,red,black,red,blue,1,239.022,181.897,99.1495,0.135714947531473,0.294426367166999,#EFB563
19_0756,T. chumash,M,M,AC,3,red,black,red,red,0,171.2995,133.6345,101.477,0.12351853187903,0.13677552990815,#AB8565
19_0757,T. chumash,M,M,AC,2,red,black,red,red,0,176.5595,134.7135,113.794,0.134435045763687,0.084180557930847,#B08671
19_0758,T. chumash,GB,F,MM,2,blue,black,black,red,0,169.9995,176.831,131.488,-0.019696941301299,0.147065214923505,#A9B083
19_0759,T. chumash,M,M,AC,3,red,red,blue,blue,0,148.3715,93.1795,80.6255,0.228490049720349,0.0722303731193,#945D50
19_0760,T. chumash,M,M,AC,2,red,red,blue,red,0,185.9795,159.547,136.0395,0.076499197601342,0.079528327579237,#B99F88
19_0761,T. chumash,G,F,AC,3,blue,black,blue,blue,1,165.2995,181.7895,112.4295,-0.047509428417495,0.235742763043855,#A5B570
19_0762,T. chumash,G,M,MM,2,blue,black,blue,red,0,165.8715,181.806,117.153,-0.045831266043963,0.216260423670135,#A5B575
19_0764,T. chumash,GB,F,AC,2,blue,black,blue,red,0,182.5665,179.9275,146.891,0.007280120498546,0.101085158887884,#B6B392
19_0765,T. chumash,G,F,AC,1,blue,red,black,black,1,161.2365,176.4005,127.252,-0.044912139368612,0.161857715645351,#A1B07F
19_0766,T. chumash,GB,F,MM,3,blue,black,blue,red,0,193.5365,196.1785,143.007,-0.006779313087769,0.156762302633809,#C1C48F
19_0767,T. chumash,M,F,MM,3,red,black,blue,blue,1,217.443,170.5715,138.912,0.120798320681315,0.10229786079064,#D9AA8A
19_0768,T. chumash,I,F,MM,1,red,black,blue,blue,1,225.4915,168.6215,129.66,0.144298716357999,0.130619900999559,#E1A881
19_0769,T. chumash,I,F,MM,2,red,black,blue,red,0,220.5525,170.412,133.826,0.12824821690972,0.120254537565984,#DCAA85
19_0770,T. chumash,M,F,MM,3,red,black,blue,black,0,194.56,128.351,103.673,0.205037920665446,0.106359686928938,#C28067
19_0771,T. chumash,GB,F,MM,1,blue,red,black,red,0,173.8875,175.6835,122.5775,-0.005137725955528,0.178052108723568,#ADAF7A
19_0772,T. chumash,GB,F,AC,1,blue,red,black,red,0,170.048,182.4385,145.1775,-0.035151700845281,0.113733761476851,#AAB691
19_0773,T. chumash,M,M,MM,1,red,red,blue,blue,0,168.9255,122.8385,104.219,0.157959857967398,0.082003457274039,#A87A68
19_0774,T. chumash,I,M,AC,2,red,blue,black,black,0,239.7715,181.7345,103.967,0.137689617704137,0.272198430879782,#EFB567
19_0775,T. chumash,GB,M,MM,3,blue,red,black,red,1,180.659,186.976,132.0565,-0.017182803595958,0.172143903834249,#B4BA84
19_0776,T. chumash,GB,F,AC,2,blue,black,blue,blue,1,161.4305,182.3285,143.3425,-0.06079259015764,0.119709768447298,#A1B68F
19_0777,T. chumash,GB,F,AC,1,blue,black,blue,red,0,178.95,175.3865,126.2345,0.010056824515679,0.162959475633328,#B2AF7E
19_0778,T. chumash,GB,F,AC,2,blue,black,blue,black,0,173.9355,182.775,112.424,-0.024780599393626,0.238317202971555,#ADB670
19_0779,T. chumash,M,M,MM,2,red,blue,black,black,0,185.0975,127.081,103.271,0.185843996303397,0.103363547961381,#B97F67
19_0780,T. chumash,GB,F,MM,2,blue,red,red,red,0,184.2285,194.1055,151.2385,-0.026106561926763,0.124128405300222,#B8C297
19_0781,T. chumash,I,F,AC,2,red,blue,black,red,0,220.663,156.059,117.3045,0.171489851933256,0.141769109628754,#DC9C75
19_0783,T. chumash,GB,F,MM,2,blue,red,blue,black,1,165.862,167.936,118.2515,-0.006213338605983,0.173608211399869,#A5A776
19_0784,T. chumash,GB,F,AC,2,blue,red,blue,black,1,153.485,170.549,134.155,-0.052661140497602,0.119440506196177,#99AA86
19_0786,T. chumash,I,F,AC,3,red,red,blue,red,0,208.7655,164.018,140.4035,0.12003616039873,0.077571722102414,#D0A48C
19_0787,T. chumash,GB,F,AC,1,blue,black,blue,black,0,192.089,193.801,155.9975,-0.004436497447459,0.108072218720206,#C0C19B
19_0788,T. chumash,GB,F,MM,1,blue,black,blue,black,0,156.3775,175.704,131.0085,-0.058198062824939,0.145724416187798,#9CAF83
19_0789,T. chumash,GB,F,AC,1,blue,red,red,blue,0,157.2425,181.0975,137.266,-0.070505999881776,0.137677528988091,#9DB589
19_0790,T. chumash,M,M,MM,1,red,red,blue,red,0,196.324,141.983,125.4945,0.160626295051536,0.061644437382584,#C48D7D
19_0791,T. chumash,M,F,MM,3,red,red,blue,black,0,225.2465,164.3295,135.146,0.156367435365628,0.097448706154594,#E1A487
19_0792,T. chumash,M,F,MM,3,red,blue,black,red,0,219.34,177.1435,154.71,0.106426875267193,0.067600612921063,#DBB19A
19_0793,T. chumash,I,F,MM,2,red,blue,black,red,1,232.1405,171.293,125.331,0.15082411351561,0.154950374885377,#E8AB7D
19_0794,T. chumash,M,F,MM,1,red,blue,black,red,0,214.6395,131.367,101.309,0.240667444108709,0.129183929584487,#D68365
19_0795,T. chumash,I,F,AC,3,red,blue,black,red,0,209.3,194.0035,128.7565,0.037928012030642,0.202153302763663,#D1C280
19_0796,T. chumash,M,M,MM,3,red,red,blue,blue,0,181.2485,138.402,121.1935,0.134041711181431,0.066289669890272,#B58A79
19_0797,T. chumash,I,M,MM,1,red,blue,black,blue,0,205.4905,194.258,161.1815,0.028098917194186,0.093058030972922,#CDC2A1
19_0798,T. chumash,M,F,AC,1,red,blue,black,red,1,184.0485,104.8885,87.303,0.27396975811336,0.091499884230052,#B86857
19_0799,T. chumash,M,M,AC,1,red,blue,black,blue,0,204.405,151.171,131.333,0.149712016559048,0.070222014555546,#CC9783
19_0800,T. chumash,M,M,AC,3,black,red,blue,black,0,209.81,160.7905,126.0355,0.132270463747351,0.121171023547377,#D1A07E
19_0800,T. chumash,G,M,MM,3,blue,blue,black,red,1,209.81,160.7905,126.0355,0.132270463747351,0.121171023547377,#D1A07E
19_0801,T. chumash,M,M,AC,1,red,red,blue,red,0,184.305,156.89,133.7815,0.080349946511526,0.079500398215855,#B89C85
19_0802,T. chumash,G,M,AC,3,blue,black,black,black,0,189.551,195.9075,117.2985,-0.016490750625554,0.2509817819582,#BDC375
19_0803,T. chumash,GB,M,MM,3,blue,red,blue,blue,1,183.8905,178.885,126.5725,0.013797789542017,0.171259504186343,#B7B27E
19_0804,T. chumash,G,M,AC,3,blue,blue,black,red,0,177.1725,187.0635,110.3835,-0.027155470628933,0.257793825454619,#B1BB6E
19_0805,T. chumash,GB,M,MM,1,blue,blue,blue,blue,0,189.1805,184.506,125.993,0.012509148711554,0.188448271975111,#BDB87D
19_0806,T. chumash,GB,M,AC,3,blue,red,blue,black,0,203.028,203.205,166.2165,-0.000435710540503,0.100125466438743,#CBCBA6
19_0807,T. chumash,M,M,MM,2,red,blue,red,black,1,200.6325,167.6425,148.0345,0.089579797705519,0.062114122980135,#C8A794
19_0808,T. chumash,I,F,MM,2,black,red,blue,black,0,230.059,170.917,129.8095,0.147495111926898,0.136693972762626,#E6AA81
19_0809,T. chumash,I,F,MM,3,black,red,red,blue,0,234.844,184.123,139.7385,0.121062040685782,0.137047781227469,#EAB88B
19_0810,T. chumash,M,M,AC,1,black,red,red,red,0,187.2295,128.469,109.798,0.186128537196091,0.07836166989134,#BB806D
19_0811,T. chumash,M,M,MM,3,red,red,blue,red,0,194.507,137.7135,113.3595,0.17095122065014,0.096999677384665,#C28971
19_0812,T. chumash,I,F,MM,2,red,red,blue,red,0,225.28,171.0435,146.1075,0.136849063959114,0.078625008276815,#E1AB92
19_0813,T. chumash,M,M,AC,1,red,red,blue,blue,0,208.1185,173.601,144.5975,0.090426347095184,0.091149078326893,#D0AD90
19_0814,T. chumash,M,F,MM,2,red,red,blue,blue,1,216.3765,172.011,148.1675,0.114229989379164,0.074469397539185,#D8AC94
19_0815,T. chumash,G,F,MM,3,blue,red,red,black,0,186.1055,193.8805,140.635,-0.020461280152427,0.159171996514362,#BAC18C
19_0816,T. chumash,GB,F,MM,1,blue,red,red,blue,0,192.5555,186.9995,146.5885,0.014638194728037,0.121140448697195,#C0BA92
19_0817,T. chumash,GB,F,MM,3,black,red,blue,black,0,197.5945,187.5755,140.6565,0.026011890853389,0.142944624533866,#C5BB8C
19_0818,T. chumash,I,M,AC,2,black,red,blue,black,0,190.795,191.9785,153.839,-0.003091906832631,0.110287940893679,#BEBF99
19_0819,T. chumash,GB,F,AC,2,black,red,red,blue,0,171.183,185.0075,140.3075,-0.03881209633609,0.137405284109248,#ABB98C
19_0820,T. chumash,G,F,AC,3,black,red,red,red,0,163.81,185.447,103.018,-0.061951514214461,0.285750437661415,#A3B967
19_0821,T. chumash,GB,F,MM,2,blue,red,black,blue,0,169.7035,185.748,136.5745,-0.045138366275005,0.152559936088855,#A9B988
19_0822,T. chumash,G,F,AC,2,blue,red,black,red,0,168.2105,179.6555,127.9135,-0.03290059965619,0.168228917738784,#A8B37F
19_0823,T. chumash,G,M,MM,3,blue,red,blue,black,0,164.066,173.3285,107.052,-0.027453026057034,0.236380561415648,#A4AD6B
19_0824,T. chumash,G,M,MM,3,blue,blue,black,black,0,169.6105,181.627,119.7325,-0.034211893661696,0.205384266963544,#A9B577
19_0825,T. chumash,G,M,AC,2,blue,blue,black,red,0,170.498,182.066,124.3895,-0.032811064090491,0.188205139082183,#AAB67C
19_0826,T. chumash,G,M,AC,1,black,red,blue,black,1,171.4585,187.081,110.8475,-0.043572604971,0.255878507762769,#ABBB6E
19_0827,T. chumash,G,F,MM,1,black,red,blue,black,0,170.4695,189.131,110.8395,-0.051895089133636,0.260997331404255,#AABD6E
19_0828,T. chumash,GB,M,AC,1,black,red,red,blue,0,202.946,197.0105,145.124,0.014840363889573,0.151655270076534,#CAC591
19_0829,T. chumash,GB,F,AC,2,black,red,red,red,0,192.2945,186.9545,139.8605,0.014080459012417,0.144099873016844,#C0BA8B
19_0830,T. chumash,GB,M,MM,2,black,red,red,red,0,181.64,181.1955,139.976,0.001225073070303,0.128341088795239,#B5B58B
19_0832,T. chumash,G,M,AC,3,blue,blue,blue,blue,0,188.5075,182.4815,135.8945,0.016243069201513,0.146326984446064,#BCB687
19_0833,T. chumash,GB,F,MM,3,blue,blue,blue,blue,0,166.6465,175.445,127.7275,-0.025719727032095,0.157393892915749,#A6AF7F
19_0834,T. chumash,G,F,MM,3,blue,red,blue,red,0,153.766,172.39,126.7835,-0.057101509707011,0.152441643394218,#99AC7E
19_0835,T. chumash,G,M,AC,2,blue,blue,red,red,1,179.397,193.2405,122.6125,-0.037150045285297,0.223610350384514,#B3C17A
19_0836,T. chumash,GB,F,AC,3,black,red,red,blue,1,183.465,191.821,144.241,-0.022265685370624,0.141581017788384,#B7BF90
19_0837,T. chumash,I,F,MM,2,black,red,red,blue,0,190.8055,194.0135,140.5385,-0.008336386716872,0.159840622683469,#BEC28C
19_0838,T. chumash,I,M,MM,1,black,red,red,blue,0,215.0725,195.575,138.6145,0.047479894556767,0.170443715317208,#D7C38A
19_0839,T. chumash,GB,F,MM,3,black,red,red,red,1,159.2105,180.7385,148.6605,-0.063327146130743,0.097383416464531,#9FB494
19_0840,T. chumash,GB,F,MM,1,black,red,red,red,0,195.4365,195.7175,142.769,-0.000718387131411,0.156427213493005,#C3C38E
19_0841,T. chumash,I,M,AC,2,red,blue,black,blue,0,180.036,175.752,130.1345,0.012040878275827,0.149132112728087,#B4AF82
19_0842,T. chumash,G,F,AC,3,red,blue,blue,black,1,158.3795,175.2285,106.5365,-0.050505383563943,0.243791812325874,#9EAF6A
19_0843,T. chumash,GB,M,MM,1,blue,black,red,red,0,196.715,189.889,144.315,0.017656309815729,0.136365812497756,#C4BD90
19_0844,T. chumash,G,F,MM,1,red,blue,blue,red,0,161.992,178.28,94.7375,-0.047867588282315,0.305996868332616,#A1B25E
19_0846,T. chumash,G,M,MM,2,blue,black,black,black,0,156.4295,170.4785,95.5605,-0.042975393688744,0.281605328542056,#9CAA5F
19_0847,T. chumash,G,M,MM,3,red,blue,blue,black,0,190.0255,190.2715,115.599,-0.00064686284667,0.244131094695304,#BEBE73
19_0848,T. chumash,GB,M,MM,2,blue,blue,black,red,0,199.655,196.6225,148.1735,0.007652465759474,0.140514971171359,#C7C494
19_0849,T. chumash,GB,M,AC,1,blue,blue,black,red,0,181.349,182.524,146.7315,-0.003229148631528,0.108707371630846,#B5B692
19_0850,T. chumash,G,M,MM,1,blue,blue,black,red,0,173.693,180.802,114.059,-0.020053879462334,0.226354112615775,#ADB472
19_0851,T. chumash,GB,M,MM,1,blue,blue,red,red,0,187.959,186.259,141.639,0.004542806599362,0.13607890258556,#BBBA8D
19_0852,T. chumash,G,M,MM,2,red,blue,blue,red,0,173.4505,179.9945,103.9955,-0.01851490330886,0.267611535617451,#ADB367
19_0853,T. chumash,GB,M,AC,1,blue,red,red,black,0,183.793,175.713,129.1125,0.022475285530701,0.152875989705586,#B7AF81
19_0854,T. chumash,G,M,AC,2,red,blue,blue,red,1,172.555,178.2245,111.358,-0.016162575064963,0.230906563759896,#ACB26F
19_0855,T. chumash,GB,F,AC,2,blue,red,blue,red,0,152.466,166.826,125.1595,-0.044974506094735,0.142700579309589,#98A67D
19_0856,T. chumash,GB,M,AC,1,blue,blue,red,red,0,180.2915,186.1205,116.9565,-0.015908321779854,0.228206033450245,#B4BA74
19_0857,T. chumash,G,M,MM,2,blue,blue,red,red,0,163.7175,177.238,107.055,-0.039654735002075,0.246868547589986,#A3B16B
19_0858,T. chumash,G,M,MM,3,blue,black,red,blue,1,171.3395,175.6605,118.8135,-0.012452449567724,0.193045905580798,#ABAF76
19_0859,T. chumash,G,M,AC,1,blue,black,red,red,1,166.0645,176.9685,107.404,-0.031787029236254,0.244624568128071,#A6B06B
19_0860,T. chumash,GB,F,AC,3,blue,black,red,black,0,161.035,181.9875,140.9795,-0.061081998994235,0.126972724767546,#A1B58C
19_0861,T. chumash,G,F,MM,3,blue,black,blue,blue,1,156.4785,165.2695,90.946,-0.027322625160063,0.290081981769253,#9CA55A
19_0864,T. chumash,G,F,MM,1,blue,black,black,red,1,162.7125,178.478,99.094,-0.046207324060899,0.28599426455118,#A2B263
19_0865,T. chumash,I,F,AC,3,red,blue,black,black,0,167.835,171.6445,127.888,-0.01122159069988,0.146082645455835,#A7AB7F
19_0866,T. chumash,I,M,AC,2,red,blue,red,black,0,179.8165,170.943,113.629,0.025297960568424,0.201404214047763,#B3AA71
19_0867,T. chumash,GB,M,MM,1,blue,red,black,black,0,182.996,182.885,122.7175,0.000303377327601,0.196881570013334,#B6B67A
19_0868,T. chumash,GB,M,AC,1,red,blue,red,black,0,203.7665,191.8935,144.259,0.03000808775211,0.141705029711217,#CBBF90
19_0869,T. chumash,GB,F,MM,1,blue,red,blue,red,0,174.437,184.055,141.204,-0.026829050578535,0.131744240743531,#AEB88D
19_0870,T. chumash,GB,F,MM,1,red,blue,blue,black,0,180.937,193.1045,134.3595,-0.032529812868358,0.179393765421543,#B4C186
19_0871,T. chumash,G,M,AC,2,blue,black,black,black,1,162.823,177.3005,111.364,-0.042565421089693,0.228419150952057,#A2B16F
19_0872,T. chumash,GB,F,AC,1,blue,red,black,blue,0,178.154,187.4115,144.033,-0.025323779185946,0.130877115173128,#B2BB90
19_0873,T. chumash,G,M,AC,3,blue,red,blue,blue,0,176.4545,185.0555,110.709,-0.023791872977234,0.251370600596082,#B0B96E
19_0874,T. chumash,GB,M,MM,2,blue,black,blue,black,0,201.03,185.2055,136.262,0.040971117362335,0.152250227472451,#C9B988
19_0875,T. chumash,G,F,AC,3,red,blue,red,blue,1,155.828,179.1805,106.927,-0.069707186534073,0.252539692248543,#9BB36A
19_0876,T. chumash,G,M,AC,1,red,blue,blue,red,0,181.566,190.639,117.133,-0.024376351741648,0.238832642345632,#B5BE75
19_0877,T. chumash,G,M,AC,3,blue,black,blue,black,0,164.6215,184.822,102.831,-0.057807628414894,0.285034399085009,#A4B866
19_0878,T. chumash,I,M,MM,2,red,red,blue,black,0,184.0695,184.277,132.978,-0.000563328279215,0.161696427164268,#B8B884
19_0879,T. chumash,G,M,MM,1,blue,red,red,black,0,167.193,173.2595,100.277,-0.017818932156468,0.26681082780543,#A7AD64
19_0881,T. chumash,GB,F,AC,3,blue,black,blue,red,0,183.4455,187.58,138.8815,-0.011143438928052,0.149170729167145,#B7BB8A
19_0882,T. chumash,GB,F,MM,2,blue,black,blue,blue,0,192.547,195.454,151.5285,-0.007492248731318,0.126592839696526,#C0C397
19_0883,T. chumash,GB,F,AC,1,blue,black,blue,blue,0,199.077,191.2665,144.339,0.020009299501593,0.139829353213818,#C7BF90
19_0884,T. chumash,GB,M,MM,1,blue,black,blue,blue,0,204.013,186.4985,132.5645,0.044850151660066,0.169038716491727,#CCBA84
